[37m
                     THE CHATFOOL (tm) ALL-TIME-GREATS

            Also check out bulletin 31 for longest fool-chats!

 ===[ 001 ]=====================================[ ChatFool by Joo/ToyTools ]===

  Victim : Speed Freak from -=* lIGHTfORCE *=- 
  Reason : rellaa toi sent doori
  Date   : 07-Oct-96 14:19:10

>jees?

Niin..Eli eli..Rellappa nyt kuitenkin toi sent doori se ruölee

>aika outo homma kyllä.. nooh näkee sitten.

>joaa-a.. mitäs mä sille voisin?

hmmh..Paska..Jai ibm:char setti paalle..Kusee nyt..

>oliko sulla jotain asiaakin? :)

>joko oot muute käyny kattomassa independence dayssin?

en oo kayny..Niin eli ei mulla muutakuin etta ton sent doorin voisi rellara

>jees.. seven pitäis käydä vuokraamassa

>siistiä!

puhutaanko nyt samasta asiasta?

>muistakko millon suzukan osakilpailu on? nyt viikonloppuna vai?

>jaa? en tiennykään..

a

>saan muuten myytyä tämän koneen pbis ..ja ostan pentium 200mhz:n

>uupps! pitää mennä!!


 ===[ 002 ]=====================================[ ChatFool by Joo/ToyTools ]===

  Victim : Speed Freak from -=* lIGHTfORCE *=- 
  Reason : PASKA
  Date   : 07-Oct-96 14:23:04

>no mitäh..

moro

>joko oot muute käyny kattomassa independence dayssin?

>saan muuten myytyä tämän koneen pois ..ja ostan pentium 200mhz:n

o.

>mua ei yksinkertaisesti kiinnosta!

>ohhoh.. nyt joutuu lähtemään  . . moih!


 ===[ 003 ]=====================================[ ChatFool by Joo/ToyTools ]===

  Victim : Loop from Muumimaa 
  Reason : missä on uusi doori?
  Date   : 07-Oct-96 20:28:26

>dodiih.. tulit sitä dooria kattomaan? :) 

hehe.. juu... näytä;;)

>joko oot kattonut independence dayssin?

nope. en vielä..

>mä luultavasti myyn koneen pois.. saan hyvät rahat nyt..

>mitähän kandeis tehdä seuraavaks?


 ===[ 004 ]=====================================[ ChatFool by Joo/ToyTools ]===

  Victim : Loop from Muumimaa 
  Reason : dkfoaef
  Date   : 07-Oct-96 20:32:20

>dodiih.. tulit sitä dooria kattomaan? :) 

hehee:) ei vittu :)

>se doori ei oo ihan valmis vielä.

no voi vittu onpas hassua.... mitäs sinä oot muuta tehny ;)

>joo-o.. mitäs mä sille voisin?

hehe.. ei vittu tää ryulaa... tällästä oon kyselly jotta kaverikin tekis :)

>mä luultavasti myyn koneen pois.. saan hyvät rahat nyt..

etkä saa..

>joko oot kattonut independence dayssin?

kysyit jo ;)

>jaa-ah.. ei tiedä .. ei jaksa.. 

hehehe... menee hieman persiilleen noi vastaukset... mutta se kuuluu syssin luonteeseen ;)

>ootko muuten vuokrannut sevenin?

jooh. makso ihan liikaa.

>mitähän kandeis tehdä seuraavaks?

no tuu oikeeseen chattiin:) 

>ootkos saanut itse sen system usage rate jutun valmiiks?

noe. 

>eikö susta Loop oo aika tyhmä handle.. musta sun pitäs vaihtaa se.

>nonii . . menen nyt.. moe!


 ===[ 006 ]=====================================[ ChatFool by Joo/ToyTools ]===

  Victim : wREC from . z Y M O S i S .   
  Reason : HYULLUYUA!
  Date   : 09-Oct-96 11:55:28

>voi saatanan tonttu, mitä sä kikkailet täällä?

mite ni ?

>oliko sulla jotain asiaakin?

oli kyllä.. tota saako noita sun u

>muistakko millon suzukan osakilpailu on? nyt viikonloppuna vai?

>jao-a.. mitäs mä sille voisin?

joo anna olla.

>mua ei yksinkertaisesti kiinnosta!

joo.

>eiks oo aika siisti!

no joo.

>sä oot hullu.

minä?

>jaa? en tiennykään..

>joko oot muute käyny kattomassa independence dayssin?

se on paska.

>tosta tulikin yks tärkeä kysymys mieleen.. muistatko mikä on sen x-filesin
>jakson nimi missä fox mulderia ammutaan ja se näkee jotain harhoja tms..?

pistäppäs toinen sätti päälle tää jotenkin bugaa , . tää ncommi ei osaa vaihta riviä ku menee tonnepitkälle.

>upipas vähän warea..

ei ole.

>saan muuten myytyä tämän koneen pois ..ja ostan pentium 200mhz:n

ahaa.. no hienoa.

>eikö susta wREC oo aika tyhmä handle.. musta sun pitäs vaihtaa se.

miks?

>jees.. seven pitäis käydä vuokraamassa

se o hyvä.

>on muuten aika hieno se!

tjoo.. mikä sua vaivaa btw?

>aika outo homma kyllä.. nooh näkee sitten.

oletkos lopullisesti hajonnut?

>.. .kukas sä oot niin ku oikeesti.. soitat wRECn accountilla..?

olen kyllä wrec =) 

>no oliko hienoa?

>örgh.. meen nyt .. moe..


 ===[ 007 ]=====================================[ ChatFool by Joo/ToyTools ]===

  Victim : Smoke from IisalmenRappioAlkoholisti 
  Reason : global
  Date   : 09-Oct-96 21:13:23

>mitä?

ei ko global warissa ole muita pelaajia?

>sä oot hullu.

>jees.. seven pitäis käydä vuokraamassa

>eikö susta Smoke oo aika tyhmä handle.. musta sun pitäs vaihtaa se.

>on muuten aika hieno se!

h..juup...

>no oliko hienoa?

>tosta tulikin yks tärkeä kysymys mieleen.. muistatko mikä on sen x-filesin jakson nimi missä fox mulderia ammutaan ja se näkee jotain harhoja tms..?

hmm... ei tule mieleen.

>saan muuten myytyä tämän koneen pois ..ja ostan pentium 200mhz:n

>joko oot muute käyny kattomassa ijdependence dayssin?

kavin eilen..

>muistvkko millon suzukan osakilpailu on? nyt viikonloppuna vai?

niin.

>.. .kukas sä oot niin ku oikeesti.. soitat Smoken accountilla..?

no Smoke

>mua ei yksinkertaisesti kiinnosta!

kukas sa oot?

>oliko sulla jotain asiaakin?

niin siita global warista, etta onko siina pelaajia muitakin mukana?

>eiks oo aika siisti!

no en viela oikein ole tutustunut siihen.#

>aika outo homma kyllä.. nooh näkee sitten.

jep.

>jaa? en tiennykään..

>upipas vähän warea..

ei ole nyt mitaan uutta.

>jaa-a.. mitäs mä sille voisin?

>juu nyt pitää lopettaa.. morjens..


 ===[ 008 ]=====================================[ ChatFool by Joo/ToyTools ]===

  Victim : Smoke from IisalmenRappioAlkoholisti 
  Reason : utilityt
  Date   : 09-Oct-96 21:47:36

>röh!

tuonne utility hakemistoon voisit laittaa hieman stuffia, jos vain loytyy, koska siella on kovin vahan sita.

>jees.. seven pitäis käydä vuokraamassa


 ===[ 009 ]=====================================[ ChatFool by Joo/ToyTools ]===

  Victim : sNAFU from (· hIRE mE ?! ·) 
  Reason : hieno :)
  Date   : 10-Oct-96 00:01:14

>dodiih... nooh onko on diskeiltä löytynyt mitään mielenkiintoista?

ei oikein kaikkea paskaa... se oli forkannu joitain omia levyjä ;)

>no joco oot kattonut independence dayssin?

en oo

>.. .meinaakko nyt ostaa jonki muistikortin..?

sen mbx 1200z 8mb 68882 /25 fpu

>hmm.. . kukas sä oot niin ku oikeesti.. soitatko sNAFUn accountilla..?

>mä muute myyn kai tän koneen pois ja ostan pentium 200mhz:n.. 

>heij.. mikäs se oli sen lahon numero ?

h4140400 + 4146800 ja jotain..

>ainii.. voitin tässä lotossa nyt viikonloppuna.. 78600mk!!

>juu nyt pitää lopettaa.. morjens.. mitäs pidit muuten tästä doorista? :)


 ===[ 010 ]=====================================[ ChatFool by Joo/ToyTools ]===

  Victim : SLiPPER from EAT THiS ALL 
  Reason : mitas tänne tahotaan.
  Date   : 10-Oct-96 19:50:02

>no?

mitä kelpuutat tänne.

>mua ei yksinkertaisesti kiinnosta!

ahaa..siis mitä tahansa.

>tosta tulikin yks tärkeä kysymys mieleen.. muistatko mikä on sen x-fihesin jakson nimi missä fox mulderia ammutaan ja se näkee jotain harhoja tms..?

ööh.. se tais tulla n kk sitten?

>jees.. seven pitäis käydä vuokraamassa

se on myyntivideonakin.

>eiks oo aika sigsti!

nojoo

>sä oot hullu.

>muistakko millon suzukan osakilpailu on? nyt viikonloppuna vai?

aivan.

>jaa-a.. mitäs mä sille voisin?

etmitääb.

>joko oot muute käyny kattomassa independence dayssin?

ennoo vielä . pitäs varmaan tossa ens viikolla.

>oliko sulla jotain asiaakin?

oli että 

>upipas voä hän warea..

no emmää amiga warettaa löysä-

>on muuten aika hieno se!

>no oliko hienoa?

ono erittäin,

>.. .kukas sä oot niin ku oikeesti.. soitat SLiPPERn accountilla..?

no mö voin laittaa oikeenkin nimen jäi tossa alkutohinassa laittamatta.

>saan muuten myytyä tämän koneen pois ..ja ostan pentium 200mhz:n

ahaa.

>aika outo homma kyllä.. nooh näkee sitten.

niinhän se on.

>jaa? en tiennykään..

enminäkään.

>eikö susta SLiPPER oo aika tyhmä handle.. musta sun pitäs vaihtaa se.

>uupps! pitää mennä!!


 ===[ 012 ]=====================================[ ChatFool by Joo/ToyTools ]===

  Victim : Speed Freak from -=* lIGHTfORCE *=- 
  Reason : juupp.
  Date   : 11-Oct-96 13:40:44

>youh..

Jooh....Eli nyt on se raha sitten tilillä laitoin just.,..

>joko oot muute käyny kattomassa independence dayssin?

>nonii . . menen nyt.. moe!


 ===[ 014 ]=====================================[ ChatFool by Joo/ToyTools ]===

  Victim : Grub from Kuopio, Finlan 
  Reason : jeejeejee
  Date   : 11-Oct-96 16:12:27

>juuh?

>aika outo homma kyllä.. nooh näkee sitten.

mikä??

>eikö susta Grub oo aika tyhmä handle.. musta sun pitäs vaihtaa se.

oon ajatellu saamaa :)

>jaa-a.. mitäs mä silse voisin?

no et mitään, mutta onko sulla mitään hacker tavaraA?

>.. .kukas sä oot niin ku oikeesti.. soitat Grubn accountilla..?

no höh oon Grub ja sillä siisti 

>upipas vähän warea..

hmm... mix?

>eiks oo aika siisti!

mikä??

>oliko sulla jotain asiaakin?

joo

>tosta tulikin yks tärkeä kysymys mieleen.. muistatko mikä on sen x-filesin jakson nimi missä fox mulderia ammutaan ja se näkee jotain harhoja tms..?

nuhh... en muista

>on muuten aika hieno se!

jaahh.. millon se on tull ?

>jees.. seven pitäis käydä vuokraamassa

jaah... mutta onko sulla niitä juttuja?

>saan muuten myytyä tämän koneen pois ..ja ostan pentium 200mhz:n

jooh... eli ei 

>muistakko millon suzukan osakilpailu on? nyt viikonloppuna vai?

en tiiää

>jaa? en tiennykään..

jepp

>joko oot muute käyny kattomassa independence dayssin?

>nno  voilrilkäo
 ehienoa?

>sä oot hullu.

jep... tieteään?hmm... onko tää entinen teflon love+

>mua ei yksinkertaisesti kiinnosta!

>ohhoh.. nyt joutuu lähtemään  . . moih!


 ===[ 015 ]=====================================[ ChatFool by Joo/ToyTools ]===

  Victim : One Eye Jack from None 
  Reason : irc
  Date   : 13-Oct-96 01:53:36

>dodi..

>eiks oo aika siisti! 

en oikee saa sitä irc:tä pelittää ku mene johonkin esim 

>oliko sulla jotain asiaakiinn ?

>.. .kukas sä oot niin ku oikeesti.. soitat One Eye Jackn accountilla..?

>moa  mei yksi nkertaisesti kiinnosta!

>eikö susta One Eye Jack oo atka tyhmä handle.. musta sun pitäs vaihtaa se.

>jaa? oe n tiennykään..

ksi ijoku

>saan muuten myytyä tämän koneen piis ..ja ostan pentjum 200mhz:n

>upipas vähän warea..

>on muuten aika hieno se!

>tosta tulikin yks tärkeä kysymys mieleen.. muistatko mikä on sen x-filesin jakson nimi missä fox mulderia ammutaan ja se näkee jotain harhoja tms..?

>jtes.. seven pitäis käydä vuokraamassa

>muistakko millon suzukan osakilpailu on? nyt viikonloppuna vai?

>sä oot hullu.

>no omiyo hienoa?

>aikna outo homma kyllä.. nooh näkee sitten.

vittu mulla nyt joku homma vitullaan

>joko oot muute käyny kattomassa indepeedence dayssin?

.olen

>jaa-a.. mitäs mä sille voisin?

>ohhoh.. nyt joutuu lähtemään  . . moih!


 ===[ 016 ]=====================================[ ChatFool by Joo/ToyTools ]===

  Victim : <-t/\Nk! from - N/\uSEA / 5 nODEZ - 
  Reason : hello
  Date   : 13-Oct-96 09:47:51

>mitä vittua - tietovisa?

>no oliko hienoa?

hä?

>.. .kukas sä oot niin ku ofkeesti.. soitat <-t/\Nk!n accountilla..?

<-t/\Nk! mä olen miteniin kysyt?

>sä oot hullu.

tä?

>on muuten aika hieno se!

siis mitä =)

>eikö susta <-t/\Nk! oo aika tyhmä handle.. musta sun pitäs vaihtaa se.

ai niinku takasin C-TANK, en tiiä oikee

>saan muuten myytyä tämän koneen pois ..ja ostan pentium 200mhz:n

>aika outo homma kyllä.. nooh näkee sitten.

niin miten se nyt tähän liittyy =)

>jees.. seven pitäis käydä vuokraamassa,. .

>jaa? un tiennykään..

siis sähän oot aivan sekasin

>hei.. kuka voitti suzukan osakilpailun?. .. mulla oli tulosveto .. 

SIIS MITä vittua, miten se tähän liittyy?

>mua ei yksinkertaisesti kiinnosta!

>oliko sulla jotain asiaakin?

>eiks oo aika siisti!

 ehhehheeh.. 

>jaa-a.. mitäs mä sille voisin?

mno laita vaikka aksyt

>upipas vähän warea..

>ohhoh.. nyt joutuu lähtemään  . . moih!


 ===[ 017 ]=====================================[ ChatFool by Joo/ToyTools ]===

  Victim : <-t/\Nk! from - N/\uSEA / 5 nODEZ - 
  Reason : mihis conffiin niitä sitten 'tuuppastaan'?
  Date   : 13-Oct-96 09:52:36

>no?

>sä oot hullu.

mihis conffiin niitä sitten 'tuuppastaan'?

>jaa? en tiennykään..

>upiispas vähän warea..

MIHIN CONFFIIN?

>eikö susta <-t/\Nk! oo aika tyhmä handle.. musta sun pitäs vaihtaa se.

joo-o, musta rupee tuntumaan että tässä on toinen osapuoli jotenkin vinksahtanut, tai sit sä vaan esität

>on muuten aika hieno se!

siis mikä

>oliko sulla jotain asiaakin?

>eikhs oo aika siisti!

>jaa-a.. mitäs mä sille voisin?

onksulla joku scripti päällä, heh kekkasinhan mä viimeinkin =)

>no oliko hienoa?

eli on. sano nyt mihin conffaan upin ne

>.. .kukas sä oot niin ku oikeesti.. soitat <-t/\Nk!n accountilda..?

>aika outo homma kyllä.. nooh näkee sitten.

>saan muuten myytyä tämän koneen pois ..ja ostan pentium 200mhz:n

>hei.. kuka voitti suzukan osakilpailun?. .. mulla oli tulosveto .. 

>oho! nyt pitää mennä.. 



 ===[ 020 ]=====================================[ ChatFool by Joo/ToyTools ]===

  Victim : Ohwell from devain 
  Reason : jo
  Date   : 14-Oct-96 19:58:36

>moeh..

joo.. mitäs?

>on muuten aika hieno se!



>jiaa? en tiennykään..

siis mikä?

>.. .kukas sä oot niin ku oikeesti.. soitat Ohwelln accountilla..?



>mua ei ynksinkertaisesti kiinnosta!



>hill vioitti formulat.

jjaa.. onko tullut syötyä sieniä lähiaikoina?

>aika outo homma kyllä.. nooh näkee sitten.



>upipas vähän warea..



>sä oot hullu.



>oliko sulla jotain asiaakin?

että missä hd-installerit ovat?

>eikö susta Ohwell oo aika tyhmä handle.. musta sun pitäs vaihtaa se.

ei

>hei.. kuka voitti suzukan osakilpailun?. .. mulla oli tulosveto .. 



>jaa-a.. mitäs mä sille voisin?



>ooksää nyt varmasti Ohwell?

>nonii . . menen nyt.. moe!


 ===[ 021 ]=====================================[ ChatFool by Joo/ToyTools ]===

  Victim : Demolee from aBUSe '96 
  Reason : hiiho
  Date   : 15-Oct-96 18:39:19

>no mitäh..

tota dellaappas tää mun duplikaatti täältä ;) 32. Demoleecher      dIESEL                     4   0    0   0     1  4-Nov-95;)

>on muuten aika hieno se!



>hill voitti formulat.



>hei.. kuka voitti suzukan osakilpailun?. .. mulla oli tulosveto .. 

ööh.. hilli? ;)

>upipas vähän warea..

upin jo.. _vähän_ :)

>jaa-a.. mitäs mä sille voisin?

hehehe. . sekasin olet ;).. mutta delidelli

>ooksää nyt varmasti Demolee?

olen ;).. 

>sä oot hullu.

itsepäpäs.. 

>oliko sulla jotain asiaakin?

no oli ;).. siis poistaisit toi toisen tuolta.. kun olen kerran logginut
vahingossa uudestaanuudestaan tänne ;).. mmh miksei meijän modeemin
kommunikoi ? tuli vaan 31200 konnu

>.. .kukas sä oot niin ku oikeesti.. soitat Demoleen accountilla..?

häh?.. olen demolee.. heh haluutko heti soittaa mun kannuun? 

>eikö susta Demolee oo aika tyhmä handle.. musta sun pitäs vaihtaa se.

JOO

>aika outo homma kyllä.. nooh näkee sitten.

heheh .. siis tota mitä helvettiä? ;). . et usko että olen demolee?

>jaa? en tiennykään..



>mua ei yksinkertaisesti kiinnosta!

>örgh.. meen nyt .. moe..


 ===[ 028 ]=====================================[ ChatFool by Joo/ToyTools ]===

  Victim : RAzIR from jokumuumika? 
  Reason : demuuut
  Date   : 18-Oct-96 00:44:46

>moe..

hihiih...NIin tota siehan teet demoja vai mita ?

>metallicaah!

tah ?

>jaa-a.. mitäs mä sille voisin?

niin mutta jos 

>ooksaää nyt varmasti RAzIR?

niin ?

>eikö susta RAzIR oo aika tyhmä handle.. musta sun pitäs vaihtaa se.

no vois kait sen vaihtaa...mutta ei nyt siita mitaan...niin, kun mulla on ecs:Ssa niin heitas joku demon picture.

>mua ei yksinkertaisesti kiinnosta!

vittu joo

>pyllistä!

aaaaaaaah

>on muuten aika hieno se!

son varmaan tosi sexy...

>.. .kukas sä oot niin ku oikeesti.. soitat RAzIRn accountilla..?

aja ettta miksi ?

>upipas vähän warea..

esim mita ?

>jaa? en tiennykään..



>sä oot hsu lmliu.

jos mina en OOO razir niin voi helvetti...=)

>oliko sulla jotain asiaakin?



>aika outo homma kyllä.. nooh näkee sitnen.

>ohhoh.. nyt joutuu lähtemään  . . moih!



 ===[ 031 ]=====================================[ ChatFool by Joo/ToyTools ]===

  Victim : nUP! from oUTLAWS^dCS^hONEY 
  Reason : joojoo
  Date   : 19-Oct-96 21:08:12

>voi saatanan tonttu, mitä vittua sä kikkailet täällä?

okei sori.. toi tuli about autochatterispiidilla.. oo.. en ma tieda

>metallicaah!

tama on autochatteri.. voi vittu

>pyllistä!



>aika outo homma kyllä.. nooh näkee sitten.



>sä oot hullu.



>.. .kukas sä oot niin ku oikeesti.. soitat nUP!n accountilla..?



>jaa? en tiennykään..



>upipas vähän warea..

tama on paska doori, ammun joon kun han saapuu idioottikonekuolehuora

>eikö susta nUP! oo aika tyhmä handle.. musta sun pitäs vaihtaa se.

joo

>ooksää nyt varmasti nUP!?

joo

>on muuten aika hieno se!

joo

>oliko sulla jotain asiaakin?

jo

>mua ei yksinkertaisesti kiinnosta!

joo

>jaa-a.. mitäs mä sille voiqin?

>ohhoh.. nyt joutuu lähtemään  . . moih!


 ===[ 032 ]=====================================[ ChatFool by Joo/ToyTools ]===

  Victim : nUP! from oUTLAWS^dCS^hONEY 
  Reason : jotain
  Date   : 19-Oct-96 21:19:40

>päeveeeheh.. . 



>jaa? en tiennykään..

VIESTI JOO:lle.. tota laita sellanen mahdollisuus tahan etta vois 

>sä oot hullu.

kattooo onko useri jo ollut tassa ulosteessa ja jos on, niin tama ei tulisi valittamaan.. paaseeks tasta mitenkaan muten veks kuinath

>eik+ö susta nUP!0 oo aika tyhmä handle.. musta sun pitäs vaihtaa se.



>jaa-a.. mitäs mä sille voisin?

aATH+++

>pyllistä!



>upiNpOa sC AvRäRhIäEnR 
war[e3a6.m.p

>juu nyt pitää lopettaa.. morjens..



 ===[ 043 ]=====================================[ ChatFool by Joo/ToyTools ]===

  Victim : LAGERS from >> aBUSE^oVERFLOW << 
  Reason : hmm
  Date   : 30-Oct-96 22:32:39

>moe... kiinnostaisko sua 2.5gigan ideasema.. ? täysin kunnossa.. 750mk..

ook,td

>osta nyt! :)

polkj

>ihan kunnossa jne.. 

mm

>joo pakko saada toi myytyä.. . velkoja maksettavanaa jne..

...................:::::::::::::...........................

>osta pois.. .lasken vaikka hinnan 650mk:hon.  . . 

:::::::::::::::::......................................::::::::::::::

>kuulin että sä tarttisit kovalevyä..

>okei... se on sitten myyty.. 600mk.. halvalla menee.


 ===[ 044 ]=====================================[ ChatFool by Joo/ToyTools ]===

  Victim : RAzIR from ¤s¤P¤A¤c¤E¤d¤o¤G¤s¤ 
  Reason : testaappa
  Date   : 31-Oct-96 23:14:07

>moe... kiinnostaisko sua 2.5gigan ideasema.. ? täysin kunnossa.. 750mk..



>joo pakko saada toi myytyä.. . velkoja maksettavanaa jne..



>kuulin että sä tarttisit kovalevyä..

onko sulla hyva perse ?

>osta pois.. .lasken vaikka hinnan 650mk:hon.  . . 



>osta nyt! :)

eoletko epanormaali ?

>ihan kunnossa jne.. 

>okei... se on sitten myyty.. 600mk.. halvalla menee.


 ===[ 045 ]=====================================[ ChatFool by Joo/ToyTools ]===

  Victim : RAzIR from ¤s¤P¤A¤c¤E¤d¤o¤G¤s¤ 
  Reason : hipshei
  Date   : 31-Oct-96 23:15:40

>moe... kiinnostaisko sua 2.5gigan ideasema.. ? täysin kunnossa.. 750mk..

>okei... se on sitten myyty.. 600mk.. halvalla menee.


 ===[ 046 ]=====================================[ ChatFool by Joo/ToyTools ]===

  Victim : jAYNAY from sTALLIONWATER bOYZ 
  Reason : net
  Date   : 02-Nov-96 16:54:23

>moe... kiinnostaisko sua 2.5gigan ideasema.. ? täysin kunnossa.. 750mk..



>joo pakko saada toi myytyä.. . velkoja maksettavanaa jne..



>kuulin että sä tarttisit kovalevyä..

ö

>osta pois.. .lasken vaikka hinnan 650mk:hon.  . . 

ööö

>ihan kunnossa jne.. 

eihän tässä kertoo sanoon mitäään.. ehdi.. joo en osta koska eioo rahaa.. mutta kyllä tolla
hintaa joku ostas..

>osta nyt! :)

>okei... se on sitten myyty.. 600mk.. halvalla menee.


 ===[ 047 ]=====================================[ ChatFool by Joo/ToyTools ]===

  Victim : duke/paragon from paragon 
  Reason : terve... 
  Date   : 02-Nov-96 19:23:04

>voi saatanan tonttu, mitä vittua sä kikkailet täällä?

häh??? mitäs tää meinaa... ei oo tilaa uppia tuonne...

>upipas vähän warea..

ääh... warea. pyh... tavan scene rulaa...

>aika outo homma kyllä.. nooh näkee sitten.

kuiteski... jotain kuvia ottasin tuolta... ra:n graffaa yms... mutta ikävä kyllä ei oikeuksia ole... 

>jaa? en tiennykään..



>metallicaah!



>jaa-a.. mitäs mä sille voisin?

>meen nyt.. 


 ===[ 048 ]=====================================[ ChatFool by Joo/ToyTools ]===

  Victim : Loop from Muumimaa 
  Reason : HOPLAA.
  Date   : 02-Nov-96 22:02:57

>mikä vittu tässä chätissä taas on. . taas meni toinen node lukkoon.. .

jaa-a ? outoa... mutta hmm... ei tähän 1.85:een oo jotain key makeria ?

>miteennni ei? koskas sitte?..

nojooh... 

>no se on iha buginen paska!!!



>eiköhän se origoo tiedä tosta paremmin.. 

jooh. taitaa tietää, onko siellä nyt oikea joo? jotenkin tuntuu että vois olla chatfooli:)

>heiij.. haluukko joinii dd-nettii?

>oot oikeassa mutta mä meen nyt!


 ===[ 052 ]=====================================[ ChatFool by Joo/ToyTools ]===

  Victim : Mad Jack from -Primary^design- 
  Reason : zzzzzzzzzzzz.........
  Date   : 08-Nov-96 17:55:48

>mikä vittu tässä chätissä taas on. . taas meni toinen node lukkoon.. .



>no se on iha buginen paska!!!



>heiij.. haluukko joinii dd-nettii?

haaaaa..... vittu mä tiesin tän :)c>oot oikeassa mutta mä meen nyt!


 ===[ 053 ]=====================================[ ChatFool by Joo/ToyTools ]===

  Victim : zetor from lekalise it!!!!!! 
  Reason : .........
  Date   : 08-Nov-96 20:45:36

>dodiiiiii..

terve. mitähän me tänään keksitään.

>mua ei yksinkertaisesti kiinnosta!



>eikö isus ta zetor oo aika tyhmä handle.. musta sun pitäs vaihtaa se.

mmiksi?msiis mihin?onko paremii ehdostuksuiu=

>oiiko sulla jotain asiaakin?

oli. mun mielestä sun kannatas vaihtaa hdandlee.

>ooksää nyt varmasti zetor?

tota. joo.. humm.. miteni?

>on muutel aika hieno se!

tota taidan mennä pois jos suhtaudut muhun tollai hhah. no joo. ehei mikset sää oo tuolla öö tota scenarioilla?

>upipas vähän warea..

eimulloo josst tiedä mie oon muusikko.

>aika outo homma kyllä.. nooh näkee sitten.

nii milset oo scnarioilla?

>sä oot hullu.

oot sä nähny mua joskus?

>jaa-a.. mitäs mä sille voisin?

eiku mä mietin olitsää jossain assemblyillä?

>metallicaah!

oolisttsaä?

>jaa? en tiennykään..

voi han. taidan mennä pois. kun minkäs sille voit kun ei toi vittumaisuus lähe millään.

>.. .kukas sä oot niin ku oikeesti.. soitat zetorn accountilla..?

>juu nyt pitää lopettaa.. morjens..


 ===[ 054 ]=====================================[ ChatFool by Joo/ToyTools ]===

  Victim : Zeus from (..mYSTIc^aBUSe!..) 
  Reason : keijoooooo
  Date   : 09-Nov-96 00:00:27

>terve.. mina olen michaela, asun joon luona . mina olen vaihto oppilaana.

nonii.. sillä tavalla.>joo tulee. han ei tykka etta olen hanen tiettokonetta nakemii.


 ===[ 055 ]=====================================[ ChatFool by Joo/ToyTools ]===

  Victim : Hassu from Köömaa 
  Reason : Tere vaan.. ois asiaa
  Date   : 09-Nov-96 16:08:15

>mikä vittu tässä chätissä taas on. . taas meni toinen node lukkoon.. .

outoo niinni missäpäin varkautta tää on

>miteennni ei? koskas sitte?..

häh...

>eiköhän se origoo tiedä tosta paremmin.. 

siis mistä

>heiij.. haluukko joinii dd-nettii?

öh no en mutta onko tää jossain köpessä/taipaleessa?

>no se on iha buginen paska!!!

>oot oikeassa mutta mä meen nyt!


 ===[ 058 ]=====================================[ ChatFool by Joo/ToyTools ]===

  Victim : cHASM from << hORDE^dIVERSE! >> 
  Reason : ddnet
  Date   : 11-Nov-96 11:41:55

>terve.. mina olen michaela, asun joon luona . mina olen vaihto oppilaana.

aijaa.. missäs joo on?

>on sinulla asiaa joolle vai juttelenko me ???

hmm, öö.. no olis asiaa.. 

>en okein osa viela kunolla puhuaa suomei ja kirjotta on viela vaikeaampikin

juu.. semmosta.. hmm, ööööööh.. 

>mitoat actHASM oiken tarkotta vai onko se kuin joon etta se on vaan on nimi ???

hmm, ööh eli mitä, toi meni jotenkin sekasin ei vaihtanut riviä..

>tama suomi oli kylma maa,. Joo sano etta on viela  kylmeampiki

niinpä.. hmmmmmmmmh, eli joo ei oo siellä?

>joo ei ole taalla.. han ostamaan ruokaa minulle.. 

jooh no ei mulla sitten mitään.. morjens

>itse kotoisin italiastb.missa suomea sina asut?

Riihimäellä, 80km helsingistä..

>haluako nahda minusta kuvan??? minulla on jpeg kuva minusta.. ?

>joo tulee. han ei tykka etta olen hanen tiettokonetta nakemii.


 ===[ 059 ]=====================================[ ChatFool by Joo/ToyTools ]===

  Victim : cHASM from << hORDE^dIVERSE! >> 
  Reason : huuh.h.
  Date   : 11-Nov-96 11:44:39

>terve.. mina olen michaela, asun joon luona . mina olen vaihto oppilaana.

aijaa tää on fakechatti .. 

>haluako nahda minusta kuvan??? minulla on jpeg kuva minusta.. ?

hmmmmmmmmmmmmmmmmh............ saatanan huoarraaaaaaperkele..

>tama suomi oli kylma maa,. Joo sano etta on viela  kylmeampiki

vitun kiinnostavaaaaaaaaaaaaaaaaaa

>itse kotoisin italiasta.missa suomea sina asut?



>on sianulla asiaa joolle vai juttealfe
n
kaos fm
ea s?
?f?


asfasfsaatana lopet

>joo ei ole
 et
adanlla.. hand 
ost
almoapan ruooik
aa mianauteallae
.
. 



>mita cHASM oiken tarkotta vai onko se kuin joon etta se on vaan on nimi ???

no vittu poistu saatanaaaaaaaaaaaa

>en okein osa viela kunolla puhuaa suomei ja kirjotta on viela vaikeaampikin

>joo tulee. han ei tykka etta olen hanen tiettokonetta nakemii.



 ===[ 061 ]=====================================[ ChatFool by Joo/ToyTools ]===

  Victim : Make from Varkaus 
  Reason : Miten toimii
  Date   : 13-Nov-96 17:50:24

>juu?

Miten tää värkki toimii

>oliko sulla jotain asiaakin?

Mikä tää ohjelma on

>aika outo homma kyllä.. nooh näkee sitten.

Mitä ihmettä

>ooksää nyt varmasti Make?

Markus KoponenMut menin sekasi tossa kyselyssä

>.. .kukas sä oot niin ku oikeesti.. soitat Maken accountilla..?

Markus Koponen

>upipas vähän warea..

Miks

>metallicaah!

asiaa,jäppis!

>jaa? en tiennykään..

Minkä laista waree

>jaa-a.. mitäs mä sille voisin?

mitäs sä lässytät? puhu kunnolla,äijä!

>mua ei yksinkertaisesti kiinnosta!

Jaa mikä puke tää tämmönen on

>eikö susta Make oo aika tyhmä handle.. musta sun pitäs vaihtaa se.

Mikä ois parempi

>sä oot hullu.

Miten nii

>on muuten aika hieno se!

>örgh.. meen nyt .. moe..


 ===[ 062 ]=====================================[ ChatFool by Joo/ToyTools ]===

  Victim : SCAB from PARANOiD 
  Reason : loogooo!
  Date   : 15-Nov-96 13:28:41

>pyllistä

moi.. tein tossa sulle sen logon..

>sä oot hullu.

kuin ni?

>eikö susta SCAB oo aika tyhmä handle.. musta sun pitäs vaihtaa se.

kuin?.. mitä vikaa?

>.. .kukas sä oot niin ku oikeesti.. soitat SCABn accountilla..?

täh?

>on muuten aika hieno se!



>uyipas vähän warea..



>oliko sulla jotain asiaakin?

heh.. hassua.. 

>jaa-a.. mitäs mä sille voisin?

mitä perkelettä?

>aika outo homma kyllä.. nooh näkee sitten.



>ooksää nyt varmasti SCAB?

olen..

>mua ei yksinkertaisesti kiinnosta!

aiku kivaaa..

>metallicaah!



>jaa? en tiennykään..

>uupps! pitää mennä!!


 ===[ 063 ]=====================================[ ChatFool by Joo/ToyTools ]===

  Victim : Day from DaTuM 
  Reason : telnet?
  Date   : 15-Nov-96 14:26:53

>moe... kiinnostaisko sua 2.5gigan ideasema.. ? täysin kunnossa.. 750mk..

ei kiinnosta kun on jo 2.5 gigan ide..., mutta minä vaanm sit' että onko tässä pukessa telnet?

>ihan kunnossa jne.. 

???, 

>osta nyt! :)

hehhe, no ei oo rahaa... :(, muuten saattasin ostaakkin...

>osta pois.. .lasken vaikka hinnan 650mk:hon.  . . 

kun ei oo rahaa..., onko miten kuuma?

>kuulin että sä tarttisit kovalevyä..

hehhehhehheh....

>joo pakko saada toi myytyä.. . velkoja maksettavanaa jne..

>okei... se on sitten myyty.. 600mk.. halvalla menee.



 ===[ 065 ]=====================================[ ChatFool by Joo/ToyTools ]===

  Victim : <-t/\Nk! from + dUNGEON / 5 nODEZ + 
  Reason : joo
  Date   : 16-Nov-96 21:15:12

>mitä?

jeah.. tuota, hmmh.. siisti kannu sulla =)

>.. .kukas sä oot niin ku okkeesti.. soitat <-t/\Nk!n accountilla..?

aha taas scripti päällävai =)

>sä oot hullu.

okei.. sitten meen pois

>jaa-a.. mitäs mä sille voisin?

>örgh.. meen nyt .. moe..


 ===[ 067 ]=====================================[ ChatFool by Joo/ToyTools ]===

  Victim : metu from - 
  Reason : mikä kone
  Date   : 18-Nov-96 17:13:32

>mikä vittu tässä chätissä taas on. . taas meni toinen node lukkoon.. .

jaaha en tii mikä kone sulla on pyörittämässä tätä pukee

>miteennni ei? koskas sitte?..



>no se on iha buginen paska!!!

onko kone pc vai amiga

>eiköhän se origoo tiedä tosta paremmin.. 



>heiij.. haluukko joinii dd-nettii?

>oot oikeassa mutta mä meen nyt!


 ===[ 068 ]=====================================[ ChatFool by Joo/ToyTools ]===

  Victim : Cool from Independent 
  Reason : Pelit
  Date   : 20-Nov-96 00:00:26

>terve.. mina olen michaela, asun joon luona . mina olen vaihto oppilaana.

aha

>on sinulla asiaa joolle vai juttelenko me ???

ok

>tama suomi oli kylma maa,. Joo sano ytta on viela  kylmeampiki

tiedät sää mitään peleistä?

>haluako nahda minusta kuvan??? minulla on jpeg kuva minusta.. ?

ok. jos ei vie paljoa

>mita Cool oiken tarkotta vai onko se kuin joon etta se on vaan on nimi ???



>joo ei ole taalla.. han ostamaan ruokaa minulle.. 

aha. kuka sää sitte oot?

>en okein osa viela kunolla puhuaa suooei ja kirjotta on viela vaikeaampikin

minkäs maalainen oot?

>itse kotoisin italiasta.missa suomea sina asut?

>joo tulee. han ei tykka etta olen hanen tiettokonetta nakemii.


 ===[ 069 ]=====================================[ ChatFool by Joo/ToyTools ]===

  Victim : Cool from Independent 
  Reason : naurattaako paljonkin? :)
  Date   : 20-Nov-96 00:03:27

>terve.. mina olen michaela, asun joon luona . mina olen vaihto oppilaana.

tiesin jo

>on sinulla asiaa joolle vai juttelenko me ???

no itseasiassa minulla olla asiaa jooooolllleee

>mita Cool oiken tarkotta vai onko se kuin joon etta se oi vaan on nimi ???

se on kovan jätkän nimi

>haluako nahda minusta kuvan??? minulla on jpeg kuva minusta.. ?

ei

>en okein osa viela kunolla puhuaa suomei ja kirjotta on viela vaikeaampikin

heippaaaaa..!!

>tama suomi oli kylma maa,. Jgo sano etta on viela  kylmeampiki



>joo ei ole taalla.. han ostamaan ruokaa minulle.. 



>itshen akotoisin italiasta.missa suomea sina asut?

>joo tulee. han ei tykka etta olen hanen tiettokonetta nakemii.


 ===[ 070 ]=====================================[ ChatFool by Joo/ToyTools ]===

  Victim : Ace from - 
  Reason : smodem
  Date   : 20-Nov-96 12:56:08

>mitä vittua?

Miten ton smodemin saa p''lle

>metallicaah!

hyva

>on muuten aika hieno se!

joo

>oliko sulla jotain asiaakin?

joo ... miten ton smotukan saa laitettua paalle tassa Daydream pukessa

>mua ei yksinkertaisesti kiinnosta!

no Sysopppi ... ud ei kelpaa ja kaikea sellaista ...

>eikö susta Ace oo aika tyhmä handle.. musta sun pitäs vaihtaa se.

ei minulla ole handlea.

>.. .kukas sä oot niin ku oikeestd.. soitat Acen aciountilla..?

ace itse

>ooksää nyt varmasti Ace?



>upipas vähän warea..



>jaa? en tiennykään..



>jaa-a.. mitäs mä sille voisin?

>juu nyt pitää lopettaa.. morjens..


 ===[ 071 ]=====================================[ ChatFool by Joo/ToyTools ]===

  Victim : Cool from Independent 
  Reason : games
  Date   : 21-Nov-96 00:08:59

>pyllistä



>upipass vähän warea..

miks?

>ooksää nyt varmasti Cool?

joo

>mua ei yksinkertaisesti kiinnosta!

mikä

>on muuten aika hieno se!

mikä?

>metallicaah!



>aika outo homma kyllä.. nooh näfee sitten.

ai hyvä yhtye se metallica?

>.. .kukas sä oot niin ku oikeesti.. soitat Cooln accountilla..?



>oliko sulla jotain asiaakin?

tiedät sää mitä uusii pelei on tulossa?

>jaa-a.. mitäs mä sille voisin?



>jaa? en tiennykään..

tuleeks tänne kaikki uudet?

>eikö susta Cool oo aika tyhmä handle.. musta sun pitäs vaihtaa se.

pystyyks sen vai vaihtamaan? cafessa ei onnistunut tuli iso !

>sä oot hullu.

>meen nyt.. 


 ===[ 072 ]=====================================[ ChatFool by Joo/ToyTools ]===

  Victim : Day from DaTuM 
  Reason : hmm, mikä on dms?
  Date   : 22-Nov-96 13:30:57

>mikä vittu tässä chätissä taas on. . taas meni toinen node lukkoon.. .

hehhehhe

>miteennni ei? koskas sitte?..

haloo?

>vittu tää on iha buginen paska!!!

onko tämä oikee vai fake?

>eiköhän se tiedä tosta paremmin.. 

hmmm... en mene lankaan toista kertaa :)

>heiij.. haluukko joinii dd-nettii?

>oot oikeassa mutta mä meen nyt!


 ===[ 073 ]=====================================[ ChatFool by Joo/ToyTools ]===

  Victim : KeKKi from Leppävirta 
  Reason : Asiaa...
  Date   : 22-Nov-96 14:53:08

>terve.. mina olen michaela, asun joon luona . mina olen vaihto oppilaana.

Vai niin...Hauska tutustua...

>mita KeKKi oiken tarkotta vai onko se kuin joon etta se on vaan on nimi ???

Se on vaan kavereiden kehittämä nimi...

>on sinulla asiaa joolle vai juttelenko me ???

Samapa tuo...Jutellaan vaan...Minkämaalainen sä oot?

>haluako nahda minusta kuvan??? minulla on jpeg kuva minusta.. ?

O.K.

>itse kotoisin italiasta.missa suomev sina asut?

Leppävirralla

>joo ei ole taalla.. han ostamaan ruokaa minulle.. 

Vai niin...Anteex,mutta ootko sä tyttö?

>en okein osa viela kunolla puhuaa suomei ja kirjotta on viela vaikeaampikin

Oletko tyttö?

>tama suomi oli kylma maa,. Joo sano etta on viela  kylmeampiki

>joo tulee. han ei tykka etta olen hanen tiettokonetta nakemii.


 ===[ 074 ]=====================================[ ChatFool by Joo/ToyTools ]===

  Victim : KeKKi from Leppävirta 
  Reason : Hey,Joo...
  Date   : 22-Nov-96 14:56:15

>terve.. mina olen michaela, asun joon luona . mina olen vaihto oppilaana.

Taas sama texti...

>mita KeKKi oiken tarkotta vai onko se kuin joon etta se on vaan on nimi ???

Joopa joo...

>itse kotoisin italiasta.missa suomea sina asut?

Japanissa

>on sinulla auiaa joolle vai juttelenko me ???

On asiaa..

>joo ei ole taalla.. han ostamaan ruokaa minulle.. 

Vedä vittu päähän ja vihellä...;)

>haluako nahda minusta kuvan??? minulla on jpeg kuva minusta.. ?



>en okein osa viela kunolla peuehmuua jao lseuhommaeiin evj
aq qkqirjotta on viela vqaikelafajmwpeiokwifn

ofwfjwfjwofweffwfjwofjwpfjfjwofjpweffjwopefjwefpwejfwpefjweopfjwepofjweffwjefpjwepofjwe

>tamNaO  sCuAoRmRiI EoRl
i gk1yDl ma[ 1mDaa[,3.6 mJaoo[ 3s5ea
no [e3t6tmam o[n3 5vmiNel[a3 6 mkayl[m3e5ammOpi[k3i6

>joo tulee. han ei tykka etta olen hanen tiettokonetta nakemii.


 ===[ 075 ]=====================================[ ChatFool by Joo/ToyTools ]===

  Victim : Earthquake from Earthquakers 
  Reason : Perkeleen kovalevy
  Date   : 22-Nov-96 17:38:39

>mikä vittu tässä chätissä taas on. . taas meni toinen node lukkoon.. .

joo ..

>vittu tää on iiha buginen paska!!!

joo joo,mutta asia oli että ,ei ole imutusoikkuja,uppaisin mutta not enough free space to upload!!

>miteennni ei? koskas sitte?..

siis mitä??

>heiij.. haluukko joinii dd-nettii?

mikässe semmonen on ,joku Elite paikkako?

>eiköhän se tiedä tosta paremmin.. 

>oot oikeassa mutta mä meen nyt!


 ===[ 076 ]=====================================[ ChatFool by Joo/ToyTools ]===

  Victim : Earthquake from Earthquakers 
  Reason : Mikäs tämä ddnetti on ??
  Date   : 22-Nov-96 17:41:13

>mikä vittu tässä chätissä taas on. . taas meni toinen node lukkoon.. .

hienot on sulla macrot!!

>miteennni ei? koskas sitte?..

VOI VITTU!!!!q

>vititu 
tää on iha buginen paska!!!



>heiij.. haluukko joinci dd-nettii?

haista vittuheitä homo voltti

>eiköhän se tiedä tosta paremmin.. 

>oot oikeassa mutta mä meen nyt!


 ===[ 077 ]=====================================[ ChatFool by Joo/ToyTools ]===

  Victim : KeKKi from Leppavirta 
  Reason : Asiaa
  Date   : 23-Nov-96 14:44:16

>jes?

Niin...Onko tää Comppupohjanen poke?

>.. .kukas sä oot niin ku oikeesti.. soitat KeKKin accountilla..?

Mä oon JaKe

>on muuten aika hieno se!

Aijaa...

>upipas vähän warea..

Minkälaista?

>oliko sylla jotain asiaakin?

Että miks,kun mä eilen soitin tuli joku hiton ulkomaalainen hölöttää...ihan päättömiä jostain Joosta,ja ruoan ostosta...

>metallicaah!

Asiaa...ihan paras!

>jaa? en tiennykään..

Mutta miks syssinä vastas joku ihme jeppe?

>ooksää nyt varmasti KeKKi?

Joo...

>eivö susta KeKKi oo aika tyhmä handle.. musta sun pitäs vaihtaa se.



>jaa-a.. mitäs mä sille voisin?

HäH?Tulee ihan samat tekstit,kun mun kaverille,kun se soitti tänne.

>sä oot hullu.

Miten niin?

>aika outo homma kdllä.. nooh näkee sitten.

Ootsä nyt oikee hemmo,vai vastaaks tähän kone?

>mua ei yksinkertaisesti kiinnosta!

>meen nyt.. 


 ===[ 078 ]=====================================[ ChatFool by Joo/ToyTools ]===

  Victim : Timo Liuska from Timo Liuska 
  Reason : handle moka.
  Date   : 24-Nov-96 11:38:01

>moe... kiinnostaisko sua 2.5gigan ideasema.. ? täysin kunnossa.. 750mk..

hmm...njaa..en tiiä, ajattelin kyllä että hommaan purkkikoneen, mutta mulla
on siihen jo 500bm kovo ja meinasin hommata toisen suurinpiirtein saman kokosen,
omassa koneessa mulla on jo 2.5 gb kovo.

>joo pakko saada toi myytyä.. . velkoja maksettavanaa jne..

heh. niimpä. niin saisko tuota handlee korjattua kun tuli vahingossa _pieni_
moka kun handle tuli sama kuin real name..... :(

>osta nyt! :)

äh. en tarvii noin isoo.

>kuulin että sä tarttisit kovalevyä..

en tarvii

>osta pois.. .lasken vaikka hinnan 650mk:hon.  . . 

usko nyt, en osta.

>ihan kunnossa jne.. 

>okei... se on sitten myyty.. 600mk.. halvalla menee.


 ===[ 079 ]=====================================[ ChatFool by Joo/ToyTools ]===

  Victim : Cool from Independent 
  Reason : old games
  Date   : 24-Nov-96 20:36:19


 ===[ 080 ]=====================================[ ChatFool by Joo/ToyTools ]===

  Victim : Cool from Independent 
  Reason : pakatut
  Date   : 24-Nov-96 21:39:11

>dodi..

niin aika monessa dms paketissa oli virheitä

>metallicaah!



>upipas vähän warea..



>oliko sulla jotain asiaakin?

no tietysti

>ooksää nyt varmasti Cool?



>aika outo homma kyllä.. nooh näkee sitten.



>sä oot hullu.

>meen nyt.. 


 ===[ 081 ]=====================================[ ChatFool by Joo/ToyTools ]===

  Victim : Mephisto from None 
  Reason : asiaaa
  Date   : 25-Nov-96 12:34:32

>moe... kiinnostaisko sua 2.5gigan ideasema.. ? täysin kunnossa.. 750mk..

hmmm... ei taida olla varaa ostaa yhtaa mitaa... 

>joo pakko saada tmi myytyä.. . velkoja maksettavanaa jne..

jeptuotah... osaisitkohan auttaa... mulla kusee toi modeemi ihan urakallaa..
ei suostu esim. soittamaan kahta kertaa putkeen minnekaan... siihen tulee
joku semmonen minuutin viive...

>osta nyt! :)

eih!

>osta pois.. .lasken vatkka hinnan 650mk:hon.  . . 

ei karsi... ei

>ihan kunnossa jne.. 

jooo joo... 

>kuulin että sä tarttisit kovalevyä..

>okei... se on sitten myyty.. 600mk.. halvalla menee.



 ===[ 083 ]=====================================[ ChatFool by Joo/ToyTools ]===

  Victim : Zeus from (..mYSTIc^aBUSe!..) 
  Reason : .....
  Date   : 02-Dec-96 01:00:52

>noh mitäs?

......

>ooksää nyt varmasti Zeus?

keeeeeeeeukeuu

>mua ei yksinkertaisesti kiinnosta!



>on
 muuten aika hieno se!

>meen nyt.. 


 ===[ 084 ]=====================================[ ChatFool by Joo/ToyTools ]===

  Victim : SLiPPER from EAT THiS ALL 
  Reason : hd-free
  Date   : 02-Dec-96 19:51:47

>terve.. mina olla michaela, asuan joon luona . vaihto oppilaana. ..


>itse kotoisin italiasta.missa suomea sina asut?

fuck.. auto-chatteri.

>on sinulla asiaa joolle vai juttelenko me ???



>joo ei ole taalla.. han ostamaan ruokaa minulle.. 



>tama suomi oli kylma maa,. Joo sano etta on viela  kylmeampiki


>mita SLiPPER oiken tarkotta vai onko se kuin joon etta se on vaan on nimi ???



>en okein osa viela kunolla puhuaa suomei ja kirjotta on viela vaikeaampikin



>haluako nahda minusta kuvan??? minulla on jpea kuva minusta.. ?

>joo tulee. han ei tykka etta olen hanen tiettokonetta nakemii.


 ===[ 085 ]=====================================[ ChatFool by Joo/ToyTools ]===

  Victim : cHASM from << hORDE^dIVERSE! >> 
  Reason : ddnet
  Date   : 03-Dec-96 18:14:29

>mikä vittu tässä chätissä taas on. . taas meni toinen node lukkoon.. .

aijaa. hm.. eihän tää oo taas fakechat + )

>eiköhän se tiedä tosta paremmin.. 

niinpä..

>miteennni ei? koskas sitte?..

jo

>heiij.. haluukko joinii dd-nettii?

oonjo..

>vittu tää on iha buginen paska!!!

>oot oikeassa mutta mä meen nyt!


 ===[ 086 ]=====================================[ ChatFool by Joo/ToyTools ]===

  Victim : Dr. Beat from Stardom 
  Reason : 33600bps
  Date   : 05-Dec-96 15:52:56

>mikä vittu tässä chätissä taas on. . taas meni toinen node lukkoon.. .

hieno.....

>vittu tää on iha buginen paska!!!

no pcb ei oo paljoo parempi, onko täällä olevinaan 33600bps motu?

>heiij.. haluukko joinii dd-nettii?

vittu tää on taaas se typerä ohjelma. et ole olemassa.

>miteennni ei? koskas sitte?..

ihan typerää, ei tuossa puheessa ole mitään loogisuutta...

>eiköhän se tiedä tosta paremmin.. 

>oot oikeassa mutta mä meen nyt!


 ===[ 087 ]=====================================[ ChatFool by Joo/ToyTools ]===

  Victim : Enzyme from ? 
  Reason : MODeja.
  Date   : 05-Dec-96 21:24:57

>mikä vittu tässä chätissä taas on. . taas meni toinen node lukkoon.. .

jaa.. no en tiedä...

>vittu tää on iha buginen paska!!!

Jaa.. kaipa se sitten on... Missä täällä on MOD musiikkeja..

>eiköhän se tiedä tosta paremmin.. 

jaa kuka..

>miteennni ei? koskas sitte?..

Juu.. kai se tietää..

>heiij.. haluukko joinii dd-nettii?

>oot oikeassa mutta mä meen nyt!


 ===[ 088 ]=====================================[ ChatFool by Joo/ToyTools ]===

  Victim : zetor from lekalise it!!!!!! 
  Reason : joo ois kysyttavaa tosta  dd-nettitsa.
  Date   : 06-Dec-96 10:24:53

>mikä vittu tässä chätissä taas on. . taas meni toinen node lukkoon.. .

dunno. mutta olikos toi dreamnet ton parviaisen markon aikaansaannoksia?

>vittu tää on iha buginen paska!!!

ahaa. sepä mielenkiintoista. kerropa nimesi.

>eiköhän se tiedä tosta paremmin.. 

joo arvatenkin. tuukko chattiin.

>heiij.. haluukko joinii dd-nettii?

qtahtoo pois.

>miteennni ei? koskas sitte?..

>oot oikeassa mutta mä meen nyt!


 ===[ 089 ]=====================================[ ChatFool by Joo/ToyTools ]===

  Victim : cHASM from << hORDE^dIVERSE! >> 
  Reason : ddnet
  Date   : 08-Dec-96 16:39:33

>youh..

joooooo.. onko tää taas tää vitun fakecchat?

>aika outo homma kyllä.. nooh näkee sitten.

todella.. vittu h+++>uupps! pitää mennä!!


 ===[ 090 ]=====================================[ ChatFool by Joo/ToyTools ]===

  Victim : ile from None 
  Reason : eikö tosiaan noita fileita oo
  Date   : 09-Dec-96 02:44:24

>terve.. mina olla michaela, asuan joon luona . vaihto oppilaana. ..

joo moi vaan ..tiedatko miksi uusia filita ei ole tullu kahteen kuukauteen?

>itse kotoisin italiasta.missa suomea sina asut?

Joensuussa..tiedatko missa se on

>on sinulla asiaa joolle vai juttelenko me ???

no jos Joo on niin anna sille...

>joo ei ole taalla.. han ostamaan ruokaa minulle.. 

Mistä tähän aikaan saa ruokaa...Kaupastako?

>mita ile oiken tarkotta vai onko se kuin joon etta se on vaan on nimi ???



>haluako nahda minusta kuvan??? minulla on jpeg kuva minusta.. ?

 no laita tulee..jos se ei iso jpg?

>en okein osa viela kunolla pihuaa suomei ja kirjotta on viela vaikeaampkkin

kauanko oot ollu Suomessa?

>tama suomi oli kylma maa,. Joo sano etta on viela  kylmeampiki

>joo tulee. han ei tykka etta olen hanen tiettokonetta nakemii.


 ===[ 091 ]=====================================[ ChatFool by Joo/ToyTools ]===

  Victim : SCAB from PARANOiD 
  Reason : fame?
  Date   : 09-Dec-96 15:01:09

>päeveeeheh.. . 

moi.. wrecki käski kysyy ulta tosta famen uudesta system edikasta.

>jaa? en tiennykään..

humm.. sekäski pyytää sulta ..

>on muuten aika hieno se!



>metallicaah!

jaa 

>jaa-a.. mitäs mä sille voisin?



>aika outo homma kyllä.. nooh näkee sitten.



>.. .kukas sä oot niin ku oikeesti.. soitat SCABn accountilla..?



>oliko sulla jotain asiaakin?



>sä oot hullu.



>upipas vähän warea..

>meen nyt.. 


 ===[ 092 ]=====================================[ ChatFool by Joo/ToyTools ]===

  Victim : ren from bs 
  Reason : pää
  Date   : 10-Dec-96 23:35:07

>terve.. mina olla michaela, asuan joon luona . vaihto oppilaana. ..

tä?... no tuotas.. mitä?!  no .. eiboni tässä on juu.. 

>tama suomi oli kylma maa,. Joo sano etta on viela  kylmeampiki

hmm..  entteriä voisit laittaa välillä niin näkyis..

>haluako nahda minusta kuvan??? minulla on jpeg kuva minusta.. ?

juuei.. 

>itse kotoisin italiasta.missa suomea sina asut?

.... onhan se..   

>on sinulla asiaa joollg vai juttelenko me ???

no jos se joomies tulisi nyt vaikka..=)

>mita ren oiken tarkotta vai onko se kuin joon etta se on vaan on nimi ???

nimihän se.. on.

>joo ei ole taalla.. han ostamaan ruokaa minulle.. 

ei helvetti... no sinähän varmaan osaat laittaa oikkaa nyt..

>en okein osa viela kunolla puhuaa suomei ja kirjotta on viela vaikeaampikin

>joo tulee. han ei tykka etta olen hanen tiettokonetta nakemii.


 ===[ 093 ]=====================================[ ChatFool by Joo/ToyTools ]===

  Victim : ile from None 
  Reason : filelistit
  Date   : 11-Dec-96 17:33:06

>terve.. mina olla michaela, asuan joon luona . vaihto oppilaana. ..

jaa..muistan sinut soitin sunnuntaina

>on sinulla asiaa joolle vai juttelenko me ???

no jos sina osaat neuvoa miten toi filelist toimii..

>mita ile oiken tarkotta vai onko se kuin joon etta se on vaan on nimi ???

niin se on pelkkä nimi

>en okein osa viela kunolla puhuaa suomei ja kirjotta on viela vaikeaampikin

joo...missä koulussa olet vaihto-oppilaana?

>joo ei ole taalla.. han ostamaan ruokaa minulle.. 

kuka ostaa???

>tama suomi oli kylma maa,. Joo sano etta on viela  kylmeampiki

niin tämä alkava talvi on ollut lämmin oikeesti täällä Suomessa on aikas kylmä

>itse kotoisin italiasta.missa suomea sina asut?

Joensuussa ,Viinijärvellä 

>haluako nahda minusta kuvan??? minulla on jpeg kuva minusta.. ?

>joo tulee. han ei tykka etta olen hanen tiettokonetta nakemii.


 ===[ 094 ]=====================================[ ChatFool by Joo/ToyTools ]===

  Victim : ZoPfak from SORSA ! 
  Reason : vittu ?
  Date   : 13-Dec-96 23:37:22

>terve.. mina olla michaela, asuan joon luona . vaihto oppilaana. ..

jee.. 

>itisee kotoisin italiasta.missa suomea sina asut?

joo. :), vittu ett sattus tietämään ett vaikuttaaks kofeiini tabut alkoholin kasn.. hope not ;=)

>on sinulla asiaa joolle vai juttelenko me ???

vittu mulle iha sama..

>haluako nahda minusta kuvan??? minulla on jpeg kuva minustoa .e.n  ?

vittu

>en okein osa viela kunolla puhuaa suomei ja kirjotta on viela vaikeaampikin

no niin.. onpa aitoo

>mita ZoPfak oiken tarkotta vai onko se kuin joon etta se on vaan on nimi ???

juuei..

>joo ei ole taalla.. han ostamaan ruokaa minulle.. 

ono se ha hyvämoikkavittusaatana

>tama suomi oli kylma maa,. Joo sano etta on viela  kylmeampiki

>joo tulee. han ei tykka etta olen hanen tiettokonetta nakemii.


 ===[ 095 ]=====================================[ ChatFool by Joo/ToyTools ]===

  Victim : SCAB from PARANOiD 
  Reason : ..fame
  Date   : 14-Dec-96 11:34:50

>no mitä?

niih, toi wrec sano, että kysyy sulta tosta uudesta system  edikasta..

>metallicaah!

voi viitttu...

>sä oot hullu.

TAJUU ETTÄ MÄ OON JUMALA!

>.. .kukas sä oot niin ku oikeesti.. soitat SCABn accountilla..?

JUMALA!

>jaa-a.. mitäs mä sille voisin?

osta ..

>upipas vähän warea..

upin sulle perseen..

>mua ei yksinkertaisesti kiinnosta!

sääli... no 

>eikö sucta SCAB oo aika tyhmä handle.. musta sun pitäs vaihtaa se.



>on muuten aika hieno se!



>aika outo homma kyllä.. nooh näkee sitten.

>uupps! pitää mennä!!


 ===[ 097 ]=====================================[ ChatFool by Joo/ToyTools ]===

  Victim : cORAZE from ltc^rbt^ld!^sit^pfC^tw 
  Reason : doh
  Date   : 16-Dec-96 12:45:21

>terve.. mina olla michaela, asuan joon luona . vaihto oppilaana. ..

ollako nain? :)

>mita cORAZE oiken tarkotta vai onko se kuin joon etta se on vaan on nimi ???

hah.. joo. btw, ma pistan kanun at last daydreamilla paalle.. sitten rules

>itse kotoisin italiasta.missa suomea sina asut?

ala viitti bullshittailla... 

>en okein osa viela kunolla puhuaa suomei ja kirjotsa on viela vaikeaampikin

joonas.. stop the crap.. fuck.. puuttuu toi vitun backspace :)

>haluako nahda minusta kuvan??? minulla on jpeg kuva minusta.. ?

argh.. missa muka sitten joonas o?

>on sinulla asiaa joolle vai juttelenko me ???

asiaa joolle.

>joo ei ole taalla.. han ostamaan ruokaa minulle.. 

eieiei.. vitun jo.. joo siis.. ny lopeta toi paskanjauhaminen ja silleen.. menee hermmenee hermot ku taa oma linuxi viela kusee nakkojaan

>tama suomi oli kylma maa,. Joo sano etta on viela  kylmeampiki

>joo tulee. han ei tykka etta olen hanen tiettokonetta nakemii.



 ===[ 099 ]=====================================[ ChatFool by Joo/ToyTools ]===

  Victim : hERb from ·pROLAPSi· 
  Reason : shell?
  Date   : 18-Dec-96 23:46:22

>päeveeeheh.. . 

iltaaa...miten mä pääsin tonne shelliin...sä oot tehny jotain hauskaa..

>metallicaah!



>mua ei yksinkertaisesti kiinnosta!

jaa...no ei kai mmuta..seko! ;)

>on muuten aika hieno se!

niin ikä?!

>oliko sulla jotain asiaakif?

ei

>upipas vähän warea..

hehehehehe..huono juttu...miten prkleessä tästä pääsee pois..esc

>aika outo homma kyllä.. nooh näkee sitten.

esc

>jaa? en tiennykään..

tunge LIHAVA sormesi esc nappulalle!!!! orkl,,,

>jaa-a.. mitäs mä sille voisin?

mille?

>sä oot hullu.

niin oon...päästä pois!

>.. .kukas sä oot niin ku oikeesti.. soitat hERbn accountilla..?

häää...mä oon mä..

>ooksää nyt varmasti hERb?

no kuule en..no en oo..mistä tiesit...en kyllä lerro oikeeta nimeeni!

>eikö susta hERb oo aika tyhmä handle.. musta sun pitäs vaihtaa se.

>juu nyt pitää lopettaa.. morjens..


 ===[ 101 ]=====================================[ ChatFool by Joo/ToyTools ]===

  Victim : C.Planet from Independent 
  Reason : Kiinnostaakos viela ne gamesit... 
  Date   : 19-Dec-96 23:17:16

>mikä vittu tässä chätissä taas on. . taas meni toinen node lukkoon.. .

Ho,, en ainakaan luulisi , etta itse sen aiheutin... =)

>miteennni ei? koskas sitte?..



>heiij.. haluukko joinii dd-nettii?

Eli ? 

>eiköhän se tiedä tosta paremmin.. 

ai kuka tieda.. 

>vittu tää on iha buginen paska!!!

>oot oikeassa mutta mä meen nyt!


 ===[ 105 ]=====================================[ ChatFool by Joo/ToyTools ]===

  Victim : Mr.Wishbone from [· OUTLAWS IS IT ·] 
  Reason : I need an IFF <> Converter!
  Date   : 27-Dec-96 03:51:55

>terve.. mina olla michaela, asuan joon luona . vaihto oppilaana. ..

Eh.. sorry I don't speak finnish .. could you repeat that in english ?

>itse kotoisin italiasta.missa suomma sina asut?

What ?

>joo ei ole taalla.. han ostamaan ruokaa minulle.. 



>mita Mr.Wishbone oiken tarkotta vai onko se kuin joon etta su on vaan on nimi ???

If this is not a oneway chat type "NOT one way chat"

>tama suomk oli kylma maa,. Joo sano etta on viela  kylmeampiki

;)

>haluako nahda mtnusta kuvan??? minulla on jpeg kuva minusta.. ?

Kyllä...

>on sinulla asiaa joolle vai juttelenko me ???

Kyllä vain lapset...

>en okein osa viela kunolla puhuaa suomei ja kirjotta on viela vaikeaampikin

>joo tulee. han ei tykka etta olen hanen tiettokonetta nakemii.


 ===[ 106 ]=====================================[ ChatFool by Joo/ToyTools ]===

  Victim : Mr.Wishbone from [· OUTLAWS IS IT ·] 
  Reason : Font <> C ?
  Date   : 30-Dec-96 16:39:24

>mitä vittua? - tietovisa

argh.. I should have used CC forgot sorry...

>oliko sulla jotain asiaakin?

blalbla

>dä oot hullu.

bist du ganz sicher ?

>ooksää nyt varmasti Mr.Wishbone?



>jaa? en tiennykään..



>aika outo homma kyllä.. nooh näkee sitten.



>.. .kukas sä oot niin ku oikeesti.. soitat Mr.Wishbonen accountilla..?

Sie muzen ..

>metallicaah!



>upipas vähän warea..

I helvete heller..

>mua ei yksinkertaisesti kiinnosta!

Javla skit one way chat...

>eikö susta Mr.Wishbone oo aika tyhmä handle.. musta sun pitäs vaihtaa se.



>jaa-a.. mitäs mä sille vodsin?



>on muuten aika hieno se!

>meen nyt.. 


 ===[ 108 ]=====================================[ ChatFool by Joo/ToyTools ]===

  Victim : dARNELL from iMAJiCA 
  Reason : Broken Sword
  Date   : 05-Jan-97 23:21:12

>mitä nyt taas..

onko sulla psx?

>upipas vähän warea..

onko sulla broken sword?

>ooksää nyt varmasti dARNELL?

miten niin?

>on muuten aika hieno se!

jaa broken sword?

>metallicaah!



>oliko sulla jotain asiaakin?

 oli. onko sulla psx:lle broken sword, koska olen siinä totaalisen jumissa..

>eikö susta dARNELL oo aika tyhmä handle.. musta sun pitäs vaihtaa se.

jaa mix pitäs vaihtaa, mää oon vaihtanu sitä 6 vuoden aikana ihan tarpeex monta kertaa, ja se on mun dj nimikin, 

>jaa? en tiennykään..

niin et vieeläkään vastannu onko sulla broken sword?

>jaa-a.. mitäs mä sitle voisin?

auttaisit mua siinä pelissä...

>sä oot hullu.

miten niin?

>aika outo homma kyllä.. nooh näkee sitten.

mitä näkee..

>mua ei yksinkertaisesti kiinnosta!

jaa no se ei ole minun ongelma. Mistä purkista saisin mahdollisesti apua tuohon kyseiseen peliin?

>.. .kukas sä oot niin ku oikeesti.. soitat dARNELLn accountilla..?

>nonii . . menen nyt.. moe!


 ===[ 110 ]=====================================[ ChatFool by Joo/ToyTools ]===

  Victim : pREsENCE from .:( dRONE & hAp! ):. 
  Reason : mhpsis
  Date   : 06-Jan-97 22:09:06

>terve.. mina olla michaela, asuan joon luona . vaihto oppilaana. ..

ihanko totta. no moi vaan. 

>itse kotoisin italiasta.missa suomea sina asut?

kotkassa. 

>on sinulla asiaa joolle vai juttelenko me ???

joo ois mulla vähän asiaa

>joo ei ole taalla.. han ostamaan ruokaa minulle.. 

aivanjoo. no mä voin soittaa myöhemmin

>en okein osa viela kunolla puhuaa suomei ja kirjotta on viela vaikeaampikin

jooniinpä. 

>tama suomi oli kylma maa,. Joo sano etta on viela  kylmeampiki

joo onhn se aivan totta. mutta mä se menen tästä nyt

>mita pREsENCE oiken tarkotta vai onko se kuin joon etta se on vaan on nimi ???

joo tää on ohjelma

>haluako nahda minusta kuvan??? minulla on jpeg kuva minusta.. ?

>joo tulee. han ei tykka etta olen hanen tiettokonetta nakemii.


 ===[ 112 ]=====================================[ ChatFool by Joo/ToyTools ]===

  Victim : tom from tw 
  Reason : helllo man!
  Date   : 08-Jan-97 12:26:53

>terve.. mina olla michaela, asuan joon luona . vaihto oppilaana. ..

no hello man!:.  viittikko kattoo siela3~3~ta tom&jerry nimen alta mun passin ku olen oplen unohatnut sen.. s

>tama suomi oli kylma maa,. Joo sano etta on viela  kylmeampiki

Pitaa paikkansa.. mutta osaatko duunata ton etta saisin ton passin tuolta =?

>mita tom oiken tarkotta vai onko se kuin joon etta se on vaan on nimi ???

jeps.. etta puhutko englantia paremmina??

>haluako nahda minusta kuvun??? minulla on jpeg kuva minusta.. ?

nope.. ei ole unxissa vieweria mulla.;).. no jooh.. mutta voitko katsota tom&jerry nimisen userin passwordin ??

>on sinulla asiaa joolle vai juttelenko me ???

no jos JO! on paikalla niin anna sille kayboardi ?

>en okein osa viela kunolla puhuaa suomei ja kirjotta on viela vaikeaampikin

okkey..

>joo ei ole taalla.. han ostamaan ruokaa minulle.. 

aha.. no vain niin.. onko taalla montakin liunjaa nytten onko tietoa ??

>itse kotoisin italiasta.missa suomea sina asut?

>joo tulee. han ei tykka etta olen hanen tiettokonetta nakemii.


 ===[ 113 ]=====================================[ ChatFool by Joo/ToyTools ]===

  Victim : tom from tw 
  Reason : hello man! tule nytten chattiin!
  Date   : 08-Jan-97 12:30:59

>terve.. mina olla michaela, asuan joon luona . vaihto oppilaana. ..

jaah.. no minnekkas se joo1 havis nytten ?

>joo ei ole taalla.. han ostamaan ruokaa minulle.. 

hieno tekoala3~

>haluako nahda minusta kuvan??? minulla on jpeg kuva minusta.. ?

no esc. please i dont wanne chat with computer..

>taxa suomi oli kylma maa,. Joo sano etta on viela  kylmeampiki

paasta pois

>on sinulla asiaa joolle vai juttelenko me ???



>en okein osa viela kunolla puhuaa suomei ja eirjotta on viela vaikeaampikin

no stn... esc!!!

>mita tom oiken tarkotta vai onko se kuin joon etta se on vaan on nimi ???

.. esc

>itse kotoisin italiasta.missa suomea sina asut?

>joo tulee. han ei tykka etta olen hanen tiettokonetta nakemii.


 ===[ 114 ]=====================================[ ChatFool by Joo/ToyTools ]===

  Victim : olho from independent 
  Reason : reg
  Date   : 09-Jan-97 09:08:32

>terve.. mina olla michaela, asuan joon luona . vaihto oppilaana. ..

ja no kyselisin vaan tosta toylha,lzx reggamisesta

>en okein osa viela kunolla puhuaa suomei ja kirjotta on viela vaikeaampikin

juu no missa se joo sitta on nytte

>joo ei ole taalla.. han ostamaan ruokaa minulle.. 

ahha no soittelen tossa kohta uudestaan sitte jos se olis tullu 

>mita olho oiken tarkotta vai qnko se kuin joon etta se on vaan on nimi ???

juu se on vaan nimi..

>haluako nahda minusta kuvan??? minulla on jpei kuva minusta.. ?

pista tuee vaan 

>on sinulla asiaa joolle vai juttelenko me ???

on asiaakin..

>itse kotoisin italiasta.missa suomea sina asut?

lahdessa 

>tama suomi oli kylma maa,. Joo sano etta on viela  kylmeampiki

>joo tulee. han ei tykka etta olen hanen tiettokonetta nakemii.


 ===[ 115 ]=====================================[ ChatFool by Joo/ToyTools ]===

  Victim : olho from independent 
  Reason : reg
  Date   : 09-Jan-97 09:12:02

>terve.. mina olla michaela, asuan joon luona . vaihto oppilaana. ..

r

>mita olho oiken tarkotta vai onko se kuin joon etta se on vaan on nimi ???

qj

>tama suomi oli kylma maa,. Joo sano etNut aC AoRpnI viela  kylmeampiki

>joo tulee. han ei tykka etta olen hanen tiettokonetta nakemii.


 ===[ 116 ]=====================================[ ChatFool by Joo/ToyTools ]===

  Victim : Enzyme from ? 
  Reason : Onko MODuja
  Date   : 10-Jan-97 15:09:51

>terve.. mina olla michaela, asuan joon luona . vaihto oppilaana. ..

ihan tosi..

>tama suomi oli kylma maa,. Joo sano etta on viela  kylmeampiki

jaa.. mist„s muka oot kotosin..

>joo ei ole taalla.. han ostamaan ruokaa minulle.. 



>dn okein osa viela kunolla puhuaa suomei ja kirjotta on viela vaikeaampikin

>joo tulee. han ei tykka etta olen hanen tiettokonetta nakemii.


 ===[ 117 ]=====================================[ ChatFool by Joo/ToyTools ]===

  Victim : jarza from dA·bLACk·hØLe·kNiGHTz 
  Reason : v.34+
  Date   : 12-Jan-97 21:33:32

>moe... kiinnostaisko sua 2.5gigan ideasema.. ? täysin kunnossa.. 750mk..



>joo pakko saada toi myytyä.. . velkoja maksettavanaa jne..



>kuulin että sä tarttisit kovalevyä..



>osta nyt! :)



>osta pois.. .lasken vaikka hinnan 650mk:hon.  . . 



>ihan kunnossa jne.. 

>okei... se on sitten myyty.. 600mk.. halvalla menee.


 ===[ 118 ]=====================================[ ChatFool by Joo/ToyTools ]===

  Victim : Speed Freak from -=* lIGHTfORCE *=- 
  Reason : hihiii
  Date   : 14-Jan-97 11:21:53

>Mulla on hyvä tarjous sulle! Mullon 2kpl IDE tallentavaa CD-asemaa = 900mk/kpl!



>Kysy jos joku tarvii, sain jo noita 8:n erästä 6 myytä kahdessa viikossa!



>Takuuta ei ole (tietenkään) mutta toimii täydellisesti!!!

>okei... se on sitten myyty.. 900mk.. halvalla menee. Yksi vielä jäljellä =)


 ===[ 119 ]=====================================[ ChatFool by Joo/ToyTools ]===

  Victim : Herb from ·pROLAPSi· 
  Reason : haluaa
  Date   : 15-Jan-97 21:00:41

>terve.. mina olla michaela, asuan joon luona . vaihto oppilaana. ..

i.

>tama suomi oli kdlma maa,. Joo sano etta on viela  kylmeampiki



>en okein osa viela kunolla puhuaa suomei ja kirjotta on viela vaikeaampikin

jooo	

>itse kotoisin italiasta.missa suomea sina asut?



>joo ei ole taalla.. han ostamaan ruokaa minulle.. 



>mita Herb oiken tarkotta vai onko se kuin joon etta se on vaan on nimi ???



>haluako nahda minusta kuvan??? minulla on jpeg kuva minusta.. ?



>on sinulla asiaa joolle vai juttelenko me ???

>joo tulee. han ei tykka etta olen hanen tiettokonetta nakemii.


 ===[ 120 ]=====================================[ ChatFool by Joo/ToyTools ]===

  Victim : Lasol from Team Hooger Booger 
  Reason : qwk
  Date   : 17-Jan-97 18:24:28

>voi saatanan tonttu, mitä sä kikkailet täällä?

hee...

>ooksää nyt varmasti Lasol?

oon nyt.

>upipas vähän warea..

varez vittuun

>sä oot hollu.

hojo hojo

>aika outo homma kyllä.. nooh näkee sitten.

jaa...

>jaa-a.. mitäs mä sille voisin?

qwk:lle

>oliko sulla jotain asiaakin?

niin tuota otetaankos tässö tuo qwk niinkun grab komennolla,kun pcb:ssä qwk:lla

>.. .kukas sä oot niin ku oikeesti.. soitat Lasoln accountilla..?

olen pelulamuranta

>eikö susta Lasol oo aika tyhmä handle.. musta sun pitäs vaihtaa se.

hee..on tyhmempiäkin

>jaa? en tiennykään..

se on eikä sitä nyt jatkuaan vaihella...

>metallicaah!

eikä,cypress hill

>on muuten aika hieno se!

cypress hill 4ever

>mua ei yksinkertaisesti kiinnosta!

>uupps! pitää mennä!!


 ===[ 122 ]=====================================[ ChatFool by Joo/ToyTools ]===

  Victim : makro2 from Wonderland 
  Reason : smodem
  Date   : 19-Jan-97 17:18:48

>mikä vittu tässä chätissä taas on. . taas meni toinen node lukkoon.. .

no kummamiten saa muuten smotun pelaaatai siis mista se laitetaan paalle

>miteennni ei? koskas sitte?..



>heiij.. haluukko joinii dd-nettii?

no voishan vaikka joinata

>eiköhän se tiedä tosta paremmin.. 

no se smotuhommeli

>vittu tää on iha buginen paska!!!

>oot oikeassa mutta mä meen nyt!


 ===[ 124 ]=====================================[ ChatFool by Joo/ToyTools ]===

  Victim : BattleField from Kuopio 
  Reason : c-64
  Date   : 20-Jan-97 11:34:14

>moe... kiinnostaisko sua 2.5gigan ideasema.. ? täysin kunnossa.. 750mk..

en nytten oikeen tiää

>ihan kunnossa jne.. 

,miten vanha?

>joo pakko saada toi myytyä.. . velkoja maksettavanaa jne..

joo Missä päin tää sinun purnukka siaitsee

>osta pois.. .lasken vaikka hinnan 650mk:hon.  . . 

sen takia minä sitä siaintia kysyin

>kuulin että sä tarttisit kovalevyä..

mistä?

>osta nyt! :)

>okei... se on sitten myyty.. 600mk.. halvalla menee.


 ===[ 125 ]=====================================[ ChatFool by Joo/ToyTools ]===

  Victim : BattleField from Kuopio 
  Reason : kiinto!
  Date   : 20-Jan-97 11:41:54

>terve.. mina olla michaela, asuan joon luona . vaihto oppilaana. ..

joo olitko sinä äshen chatissa

>on sinulla asiaa joolle vai juttelenko me ???

joolle

>mita BattleField oiken tarkotta vai onko se kuin joon etta se on vaan on nimi ???

en vaan 

>tama suomi oli kylma maa,. Joo sano etta on viula  kylmeampiki

joo se battlefield tarkoittaa taistelukenttää

>joo ei ole taalla.. han ostamaan ruokaa minulle.. 



>haluako nahda minusta kuvan??? minulla on jpeg kuva minusta.. ?

joominun on mentävä soitan myöhemmin uudestaan.

>itse kotoisin italiasta.missa suomea sina asut?

Kuopiossa

>en okein osa viela kunolla puhuaa suomei ja kirjotta on viela vaikeaampikin

>joo tulee. han ei tykka etta olen hanen tiettokonetta nakemii.


 ===[ 126 ]=====================================[ ChatFool by Joo/ToyTools ]===

  Victim : BattleField from Kuopio 
  Reason : Kiinto
  Date   : 20-Jan-97 22:46:31

>moe... kiinnostaisko sua 2.5gigan ideasema.. ? täysin kunnossa.. 750mk..

 joo olihan meillä siitä päivällä puhe minkä merkkinen se on

>osta pois.. .lasken vaikka hinnan 650mk:hon.  . . 

joo minä voin sen ostaa jos se käy minulla johonkin värkkiin

>kuulin että sä tarttisit kovalevyä..

joo niin tarvitsen missä koneessa sinulla on se kiinto

>osta nyt! :)

jos se on ehjä niin ostan

>joo pakko saada toi myytyä.. . velkoja maksettavanaa jne..

 joo 750mk vai

>ihan kunnossa jne.. 

>okei... se on sitten myyty.. 600mk.. halvalla menee.


 ===[ 127 ]=====================================[ ChatFool by Joo/ToyTools ]===

  Victim : BattleField from Kuopio 
  Reason : Hello man!
  Date   : 21-Jan-97 21:34:42

>Mulla on hyvä tarjous sulle! Mullon 2kpl IDE tallentavaa CD-asemaa = 900mk/kpl!

4 nopeus

>Kysy jos joku tarvii, sain jo noita 8:n erästä 6 myytä kahdessa viikossa!

joo muuten minulla olisi vähän kysyttävää joudatko vastaamaan

>Jos ostat molemmat niin tekee 1600! Kaikki johdot, ohjeet jne. mukana..

joo voin ne minä ottaa varastoon

>Noi on Sony-merkkisiä eli laatukamaa, 2x nopeuksisia (sekä kirjoitus että luku)

joo millon minä saan ne sinulta?

>Takuuta ei ole (tietenkään) mutta toimii täydellisesti!!!

>okei... se on sitten myyty.. 900mk.. halvalla menee. Yksi vielä jäljellä =)


 ===[ 128 ]=====================================[ ChatFool by Joo/ToyTools ]===

  Victim : DIMENSION 9 from =(*)= BREED =(*)= 
  Reason : asiaa
  Date   : 22-Jan-97 21:48:51

>terve.. mina olla michaela, asuan joon luona . vaihto oppilaana. ..

uhh ?

>on sinulla asiaa joolle vai juttelenko me ???

heh.. ootas.. 

>haluako nahda minusta kuvan??? minulla on jpeg kuva minusta.. ?



>tama suomi oli kylma maa,. Joo sano etta on viela  kylmeampiki

on kai

>en okein osa viela kunolla puhuaa suomei na kirjotta on viela vaikeaampikin

eigai ?

>joo ei ole taalla.. han ostamaan ruokaa minulle.. 

kuka ?

>mita DIMENSION 9 oiken tarkotta vai onko se kuin joon etta se on vaan on nimi ???

ulottuvuus yhdeksän .. 

>itse kotoisin italiasta.missa suomea sina asut?

>joo tulee. han ei tykka etta olen hanen tiettokonetta nakemii.


 ===[ 129 ]=====================================[ ChatFool by Joo/ToyTools ]===

  Victim : Awe from mEZCALiNe 
  Reason : sitäsuntätä..
  Date   : 28-Jan-97 00:30:36

>joo pitäs axut saada vai?

no muun muassa... prekl kun on srmet kohmessa.... onko sulla psx..??

>saat ton ringdown ja telnet-nodejen numerot kunhan tsekkaan sut tarkemmin..

nojoo... miten waan .... no pistä oikkii niin tuuppasen muutamat oldiet... onko mitään mitä haluisit..???

>kuka vois suositella sua?

psyko... ganja... zeus ...

>kerros vähän missä kannuissa liikut?

bates motel... 4th avenue... jne... mos eisley..

>hmm.. oon kyllä kuullu susta jossain..



>oletko ns. elite?



>mitä _uutta_ sulla on nht tarjota?

>okeih. venaas annan axut..


 ===[ 130 ]=====================================[ ChatFool by Joo/ToyTools ]===

  Victim : Kreivi Lauri from Kanisteri !1111111111 
  Reason : OOO
  Date   : 28-Jan-97 20:01:54

>moe... kiinnostaisko sua 3.8gigan ideasema.. ? täysin kunnossa.. 1150mk..

eipä oo rahaa.. jooh. .hmps. tossa just uppasin kai cvähän väärälle areenalle fileitä.. hmps.. vai meneekö noi kaikki johonkin upload dirriin aluksi?

>quantum fireball merkiltään, ihan kunnossa jne.. 

no eipä oo rahaa.. hyvä kun saatana elää pystyy.. :(

>kuulin että sä tarttisit kovalevyä..

niinjoo.. tottahan toki. hmps.. 

>osta pois.. .lasken vaikka hinnan 1050mk:hon.  . . 

joo.. ostaisin jos olis rahaa.. 

>joo pakko saada toi myytyä.. . velkoja maksettavanaa jne..

joo.. shellasta se on..  

>osta nyt! :)

>okei... se on sitten myyty.. 1100mk.. halvalla menee. jätä messuun osoite!


 ===[ 131 ]=====================================[ ChatFool by Joo/ToyTools ]===

  Victim : Smoke from IisalmenRappioAlkoholisti 
  Reason : asiaa
  Date   : 29-Jan-97 20:38:58

>terve.. mina olla michaela, asuan joon luona . vaihto oppilaana. ..

il

>itse kotoisin italiasta.missa suomea sirna asut?

h

>mita Smoke oiken tarkotta vai onko se kuin joon etta se on vaan on nimi ???

>joo tulee. han ei tykka etta olen hanen tiettokonetta nakemii.


 ===[ 132 ]=====================================[ ChatFool by Joo/ToyTools ]===

  Victim : Darkman from Abuse'96 
  Reason : vbs
  Date   : 29-Jan-97 23:01:00

>Mulla on hyvä tarjous sulle! Mullon 2kpl IDE tallentavaa CD-asemaa = 900mk/kpl!

siiiiiiiiis.. cdr?

>Kysy jos boku tarvii, sain jo noita 8:n erästä 6 myytä kahdessa viikossa!



>Jos ostat molemmat niin tekee 1600! Kaikki johdot, ohjeet jne. mukana..

.. ööh, kyllä mä voisin mutta ei mulla oo nuiin hirveesti rahaa :).. mutta toastoasiaan halpoja, onks noi illegall?

>Takuuta ei ole (tietenkään) mutta toimii täydellisesti!!!

jooh..

>Noi on Sony-mear kkisiä eli laatukamaa, 2x nopeuksisia (sekä kirjoitus että xuku)

>okei... se on sitten myyty.. 900mk.. halvalla menee. Yksi vielä jäljellä =)


 ===[ 133 ]=====================================[ ChatFool by Joo/ToyTools ]===

  Victim : wREC from JUJU 
  Reason : olen ma.
  Date   : 31-Jan-97 21:36:46

>joo pitäs axut saada vai?

nii kai... 

>kuka vois suositella sua?

kai kaikki suomessa kai? 

>oletko ns. elite?

ofcoz :) 

>mitä _uutta_ sulla on nyt tarjota?

demoja democrazyltä.

>hmm.. oon kyllä kuullu susta jossain..

hyvin mahdollista :)) 

>saat ton ringdown ja telnet-nodejen numerot kunhan tsekkaan sut tarkemmin..

no  käyhän toi noinkin vaikka, tai sitten ei.

>kerros vähän missä kannuissa liikut?

>okeih. venaas annan axut..


 ===[ 134 ]=====================================[ ChatFool by Joo/ToyTools ]===

  Victim : Tool from Minic 
  Reason : No hitto. mullain on DD!
  Date   : 01-Feb-97 14:59:59

>Mulla on hyvä tarjous sulle! Mullon 2kpl IDE tallentavaa CD-asemaa = 900mk/kpl!

jee. kuulia.heti kun saan.  rahnaa. eeeli.. onkos .. tai kuka sää oot?

>Takuuta ei ole (tietenkään) mutta toimii täydellisesti!!!

muttta sun nami

>Kysy jos joku tarvii, sain jo noita 8:n erästä 6 myytä kahdessa viikossa!

jaaa. mutta soos ne on aylle?

>Noi on Sony-merkkisiä eli laatukamaa, 2x nopeuksisia (sekä kirjoitus että luku)

en usko!

>Jos ostat molemmat niin tekee 1600! Kaikki johdot, ohjeet jne. mukana..

>okei... se on sitten myyty.. 900mk.. halvalla menee. Yksi vielä jäljellä =)


 ===[ 135 ]=====================================[ ChatFool by Joo/ToyTools ]===

  Victim : mazerix from .hullurakki 
  Reason : games4amiga
  Date   : 01-Feb-97 21:34:30

>joo pitäs axut saada vai?

niinjoo.. :)

>hmm.. oon kyllä kuullu susta jossain..

jaa.. ?

>kerros vähän missä kannuissa liikut?

hmm.. en kannuissa pahemmin mutta jooh.. thailand esim..

>kuka vois suositella sua?

bugi  

>oletko ns. elite?

en.

>saat ton ringdown ja telnet-nodejen numerot kunhan tsekkaan sut tarkemmin..

hmmm.. joo

>mitä _uutta_ sulla on nyt tarjota?

>okeih. venaas annan axut..


 ===[ 136 ]=====================================[ ChatFool by Joo/ToyTools ]===

  Victim : pyksy from Sievi 
  Reason : ddnet
  Date   : 02-Feb-97 23:06:04

>terve.. mina olla michaela, asuan joon luona . vaihto oppilaana. ..

hui kammotus...

>en okein osa viela kunolla puhuaa suomei ja kirjotta on viela vaikeaampikin

... taa on joku tsoukki?

>haluako nahda minusta kuvan??? minulla on jpeg kuva minusta.. ?

joo tuota onko joo siellä?

>itse kotoisin italiasta.missa suomea sina asut?

vittu..

>mita pyksy oiken tarkotta vai onko se kuin joon etta se on vaan on nimi ???



>tama suomi oli kylma maa,. Joos fwssadjngo etta on viela  kylmeampiki

>joo tulee. han ei tykka etta olen hanen tiettokonetta nakemii.


 ===[ 138 ]=====================================[ ChatFool by Joo/ToyTools ]===

  Victim : equalizer from .·^liquid ^· 
  Reason : toyletti
  Date   : 03-Feb-97 21:37:01

>joo pitäs axut saada vai?

nope. taitaa olla jo. soittelin joskus tosta Toyletista...olen saanut melkeen valmiiksi porttauksen BBBSlle...

>mitä _uutta_ sulla on nyt tarjota?

täh? pitäisikö olla?

>oletko ns. elite?

ns. en.

>hmm.. oon kyllä kuullu susta jossain..

loopilta?

>kercos vähän missä kannuissa liikut?

äh. freakoutissa, tornado of soulsissa, highlandissa...jne.

>saat ton ringdown ja telnet-nodejen numerot kunhan tsekkaan sut tarkemmin..

ihan vapaasti, kysy Loopilta. :)

>kuka vois suositella sua?

>okeih. venaas annan axut..


 ===[ 139 ]=====================================[ ChatFool by Joo/ToyTools ]===

  Victim : Loop from Muumimaa 
  Reason : dj.kana
  Date   : 04-Feb-97 19:15:00

>joo pitäs axut saada vai?

ei tarvi =>okeih. venaas annan axut..


 ===[ 140 ]=====================================[ ChatFool by Joo/ToyTools ]===

  Victim : Day from DaTuM 
  Reason : hello! mulla pitäs olla oikat?
  Date   : 06-Feb-97 16:11:48

>terve.. mina olla michaela, asuan joon luona . vaihto oppilaana. ..

hello, mistä päin maailmaa olet?

>haluako nahda minusta kuvan??? minulla on jpeg kuva minusta.. ?

haloo onko tämä fake chatti?

>joo ei ole taalla.. han ostamaan ruokaa minulle.. 

hehheehehe

>itse kotoisin italiasta.missa suomea sina asut?

puhutko englantia?

>en okein osa viela kunolla puhuaa suomei ja kirjotta on viela vaikeaampikin

noin nopeasti et silti opi, messua syssille vaan

>on sinulla asiaa joolle vai juttelenko me ???

fdlsljg

>mita Day oiken tarkotta vai onko se kuin joon etta se on vaan on nimi ???

joo nyt riitti, tuu oikeeseen chattiin jos oot siellä?

>tama suomi oli kylma maa,. Joo sano etta on viela  kylmeampioi

>joo tulee. han ei tykka etta olen hanen tiettokonetta nakemii.


 ===[ 141 ]=====================================[ ChatFool by Joo/ToyTools ]===

  Victim : Mamba from [-/ MYSTiC \-] 
  Reason : ...
  Date   : 07-Feb-97 16:58:44

>jes?

no mihinkäs oikeudet hävisi ? =)

>eikö susta Mamba oo aika tyhmä handle.. musta sun pitäs vaihtaa se.

no voiperse unohtu se oo komento

>jaa? en tiennykään..



>ooksää nyt varmasti Mamba?

no en kun vaikka martti ahtisaari

>jaa-a.. mitäs mä sille voisin?

no häivy ainakin

>aika outo homma kyllä.. nooh näkee sitten.

no moi vain

>sä oot hullu.

itse olet

>.. .kukas sä oot niin ku oikeesti.. soitat Mamban accountilla..?

niin no joo.. se antoi mulle passwordinsa

>on muuten aika hieno se!

.

>semmostah.

>nonii . . menen nyt.. moe!


 ===[ 142 ]=====================================[ ChatFool by Joo/ToyTools ]===

  Victim : pyksy from Sievi 
  Reason : ddnet
  Date   : 07-Feb-97 22:25:14

>moe... kiinnostaisko sua 3.8gigan ideasema.. ? täysin kunnossa.. 1150mk..

voin vissiin maksaa luonnossa?

>osta pois.. .lasken vaikka hinnan 1050mk:hon.  . . 

njoo, samapa tuo, tuu käymään niin saat tuon edstä munaa.

>joo pakko saada toi myytyä.. . velkoja maksettavanaa jne..

niinpä. puutteessa on paha elää.

>quantum fireball merkiltään, ihan kunnossa jne.. 

>okei... se on sitten myyty.. 1100mk.. halvalla menee. jätä messuun osoite!


 ===[ 143 ]=====================================[ ChatFool by Joo/ToyTools ]===

  Victim : LandWalker from nothing 
  Reason : joo joo iha huviksee
  Date   : 08-Feb-97 18:20:21

>joo pitäs axut saada vai?

eiku ajatteli kysyy että mistä sais parhaite kitara tablatureja

>kuka vois suositella sua?

mitenkä suositella?

>oletko ns. elite?



>mitä _uutta_ sulla on nyt tarjota?

???????

>saat ton ringdown ja telnet-ncdejen numerot kunhan tsekkaan sut tarkemmin..

ai niinku pitäs tuntee jotaki tiettyy porukkaa kute mafioso ja yms...

>hmm.. oon kyllä kuullu susta jossain..

no mää oon aika useessa purkissa että ei oo ihme ainaki warez purkeissa

>kerros vähän missä kannuissa liikut?

>okeih. venaas annan axut..


 ===[ 144 ]=====================================[ ChatFool by Joo/ToyTools ]===

  Victim : LandWalker from nothing 
  Reason : do 
  Date   : 08-Feb-97 18:24:18

>joo pitäs axut saada vai?

mitä sä ....???

>hmm.. oon kyllä kuullu susta jossain..

nii nii en ihmettele mutta mikä mättää

>oletko ns. elite?

joo joo

>saat ton ringdown ja telnet-nodejen numerot kunhan tsekkaan sut tarkemmin..

mitä tää niinku tarkottaa täähän ihanku tulis nauhalta perk...

>kuka vois suositella sua?



>kerros vähän missä kannuissa liikut?

rainbow ja tämmöses

>mitä _uutta_ sulla on nyt tarjota?

>okeih. venaas annan axut..


 ===[ 145 ]=====================================[ ChatFool by Joo/ToyTools ]===

  Victim : Herb from DIVERSE 
  Reason : dungeon
  Date   : 08-Feb-97 20:09:19

>moeh..

hmh..jooh..

>semmostah.

köh..siis dungeonin numba?

>aika outo homma kyllä.. nooh näkee sitten.

moro

>jaa-a.. mitäs mä sille voisin?



>mua ei yksinker
taisesti kiinnosta!



>jaa? en tiennykään..

äpois

>.. .kukas sä oot niin ku oikeesti.. soitat Herbn account>nonii . . menen nyt.. moe!


 ===[ 146 ]=====================================[ ChatFool by Joo/ToyTools ]===

  Victim : C.Planet from Independent 
  Reason : gamemzz
  Date   : 11-Feb-97 19:31:19

>mitäs helvettiä..

niin justt.. 

>oliko sulla jotain asiaakin?

n>örgh.. meen nyt .. moe..


 ===[ 147 ]=====================================[ ChatFool by Joo/ToyTools ]===

  Victim : Darkman from Abuse'96 
  Reason : ..
  Date   : 17-Feb-97 00:41:45

>mikä vittu tässä chätissä taas on. . taas meni toinen node lukkoon.. .

>mä meen nyt mut sendit sen huomenna vittuh.!


 ===[ 148 ]=====================================[ ChatFool by Joo/ToyTools ]===

  Victim : C.Planet from Independent 
  Reason : telnet
  Date   : 21-Feb-97 21:47:27

>moe... kiinnostaisko sua 3.8gigan ideasema.. ? täysin kunnossa.. 1150mk..

hmm.. ei just nyt .. ostin sonyn + 10 peliä.. jne.. menee aikaa ennenkuin saan
sen myytyä pois (CD-R) ,.. se on pakko saada. 

>quantum fireball merkiltään, ihan kunnossa jne.. 

mistäs oot saanu

>kuulin että sä tarttisit kovalevyä..

keltä

>osta nyt! :)

keneltä ... :)

>joo pakko saada toi myytyä.. . velkoja maksettavanaa jne..

jooo .. kuule mulla ei oo varaa.. mulla on 2.5 gigainen ja se on tahan
mennessa riittany.. Sit.. mikä on paras telnet ohjelma.. sain viimeinkin miamin relaan

>osta pois.. .lasken vaikka hinnan 1050mk:hon.  . . 

>okei... se on sitten myyty.. 1100mk.. halvalla menee. jätä messuun osoite!


 ===[ 149 ]=====================================[ ChatFool by Joo/ToyTools ]===

  Victim : pAtRiCiAn from DC/CRX/JRM/LTC/OTL 
  Reason : me cago en tu madre :) 
  Date   : 23-Feb-97 20:35:00

>joo pitäs axut saada vai?



>oletko ns. elite?



>hmm.. oon kyllä kuullu susta jossain..



>mitä _uutta_ sulla on nyt tarjota?

ei jaksa tätä autosätteriä... moe

>kuka vois suosit>okeih. venaas annan axut..


 ===[ 150 ]=====================================[ ChatFool by Joo/ToyTools ]===

  Victim : Loop from Muumimaa 
  Reason : faf
  Date   : 03-Mar-97 19:57:22

>moe... kiinnostaisko sua 3.8gigan ideasema.. ? täysin kunnossa.. 1150mk..

jaa-a kuule tuskimpa sentään. ei taida olla tarvetta.

>osta pois.. .lasken vaikka hinnan 1050mk:hon.  . . 

hehe... joojoo. =)

>quantum firebalf merkiltään, ihan kunnossa jne.. 

ei kuitenkaan ole.

>kuulin että sä tarttisit kovalevyä..

en tarvi =) 

>osta nyt! :)

haha... äijä on aika haamu.

>joo pakko saada toi myytyä.. . velkoja maksettavanaa jne..

>okei... se on sitten myyty.. 1100mk.. halvalla menee. jätä messuun osoite!


 ===[ 151 ]=====================================[ ChatFool by Joo/ToyTools ]===

  Victim : Amigaman from Team *Amiga* 
  Reason : Daydream advice...
  Date   : 06-Mar-97 22:15:12

>Mulla on hyvä tarjous sulle! Mullon 2kpl IDE tallentavaa CD-asemaa = 900mk/kpl!

puhutko englanita?

>Kysy jos joku tarvii, sain jo noita 8:n erästä 6 myytä kahdessa viikossa!

joo...

>Jos ostat molemmat niin tekee 1600! Kaikki johdot, ohjeet jne. mukana..

pclle vai amigalle?

>Takuuta ei ole (tietenkään) mutta toimii täydellisesti!!!

okei

>Noi on Sony-merkkisiä eli laatukamaa, 2x nopeuksisia (sekä kirjoitus että luku)

>okei... se on sitten myyty.. 900mk.. halvalla menee. Yksi vielä jäljellä =)


 ===[ 152 ]=====================================[ ChatFool by Joo/ToyTools ]===

  Victim : Mad Jack from -Primary^design- 
  Reason : ooo
  Date   : 07-Mar-97 19:32:33

>joo pitäs axut saada vai?

>okeih. venaas annan axut..


 ===[ 153 ]=====================================[ ChatFool by Joo/ToyTools ]===

  Victim : TOM&JERRY from [] iNQ ^ eCL ^ cORONA []3 
  Reason : sdflksöf
  Date   : 08-Mar-97 17:24:38

>moe... kiinnostaisko sua 3.8gigan ideasema.. ? täysin kunnossa.. 1150mk..

poisssssssssssssssssssssssss..

>quantum fireball merkiltään, ihan kunnossa jne.. 

... jaahsns.. juttelenko nuytten taas ton doorin kanssa vai sun =?

>kuulin että sä tarttisit kovalevyä..



>osta ptois.. .lasken vaikka hinnan 1050mk:hon.  . . 

>okei... se on sitten myyty.. 1100mk.. halvalla menee. jätä messuun osoite!


 ===[ 154 ]=====================================[ ChatFool by Joo/ToyTools ]===

  Victim : Zeus from (..mYSTIc^aBUSe!..) 
  Reason : keeeeek
  Date   : 08-Mar-97 19:56:56

>joo pitäs axut saada vai?

....

>kuka vois suositella sua?

>okeih. venaas annan axut..


 ===[ 155 ]=====================================[ ChatFool by Joo/ToyTools ]===

  Victim : Darkman from Abuse'96 
  Reason : ä
  Date   : 10-Mar-97 17:58:55

>joo pitäs axut saada vai?

 

>kerros vähän missä kannuissa >okeih. venaas annan axut..


 ===[ 156 ]=====================================[ ChatFool by Joo/ToyTools ]===

  Victim : Zeus from (..mYSTIc^aBUSe!..) 
  Reason : ....
  Date   : 11-Mar-97 15:03:28

>moe... kiinnostaisko sua 3.8gigan ideasema.. ? täysin kunnossa.. 1150mk..

>okei... se on sitten myyty.. 1100mk.. halvalla menee. jätä messuun osoite!


 ===[ 157 ]=====================================[ ChatFool by Joo/ToyTools ]===

  Victim : Speed Freak from -=* lIGHTfORCE *=- 
  Reason : kihii
  Date   : 14-Mar-97 01:05:00

>Mulla on hyvä tarjous sulle! Mullon 2kpl IDE tallentavaa CD-asemaa = 900mk/kpl!

joo hihiii..sä oot ihan homo

>Takuuta ei ole (tietenkään) mutta toimii täydellisesti!!!

vau..Syön just näkkileipää ja uneksin pullista

>Kysy jos joku tarvii, sain jo noita 8:n erästä 6 myytä kahdessa viikospa!

kuka tollaista muka ostaa..eihän ne edes toimi

>Jos ostat molemmat niin tekee 1600! Kaikki johdot, ohjeet jne. mukana..

tää chatfooli on ihan outo..hheh...Ainakin mulle kun tiedän tän jo..

>Noi on Sony-merkkisiä eli laatukamaa, 2x nopeuksisia (sekä kirjoitus että luku)

>okei... se on sitten myyty.. 900mk.. halvalla menee. Yksi vielä jäljellä =)


 ===[ 158 ]=====================================[ ChatFool by Joo/ToyTools ]===

  Victim : Amigaman from Team *Amiga* 
  Reason : joo hej
  Date   : 15-Mar-97 14:03:11

>joo pitäs axut saada vai?

jkoo

>saat ton ringdown ja telnet-nodejen numerot kunhan tsekkaan sut tarkemmin..

cd rom

>kuka vois suositella sua?

t„m„ cd rom

>hmm.. oon kyllä kuullu susta jossain..

daydream again ;;=)

>mitä _uutta_ sulla on nyt tarjota?

haluasin osta cd-r 

>oletko ns. elite?

joo

>kerros vähän missä kannuissa liikut?

>okeih. venaas annan axut..


 ===[ 159 ]=====================================[ ChatFool by Joo/ToyTools ]===

  Victim : nUP! from  >>dUAL cREW-sHINING<< 
  Reason : ..
  Date   : 15-Mar-97 22:23:17

>joo pitäs axut saada vai?

;D.. hienoahienoa..skulaaoikei.. sittenkunluet nama niin laitakkos mulle sellasen akkountin jossa toinen nimi on 'b!  .. tai siis se virallinen handle on toi.. jee.s. ja toinen nUP!.. jos niin ei oo jo.. jees jees..

>saat ton ringdown ja telnet-nodejen numerot kunhan tsekkaan sut tarkemmin..

jees.. oliks se ctrl-c?.. no oo.. ma soittelen taas kohta.. vi sees!>okeih. venaas annan axut..


 ===[ 160 ]=====================================[ ChatFool by Joo/ToyTools ]===

  Victim : sonic from Disney Land 
  Reason : aikaa
  Date   : 17-Mar-97 22:22:59

>joo pitäs axut saada vai?

juu ... eikös toi ollu freeleech ... vai timet ei oo mukana ?

>hmm.. oon kyllä kuullu susta jossain..

kyllä ... varmaankin ...anna paremmat aksut nin en herättele öisin .. :)

>oletko ns. elite?

elite .. ja elote ... sellainen grand purkkimies ....

>kuka vois suositella sua?

sami vierimaa ... puma  mazerix ...

>mitä _uutta_ sulla on uyt tarjota?



>kerros vähän missä kannuissa liikut?

mad dogsissa jonkun verran juho+sissa ja inetissä ...

>saat ton ringdown ta telnet-nodejen numerot kunhan tsekkaan sut tarkemmin..

>okeih. venaas annan axut..


 ===[ 161 ]=====================================[ ChatFool by Joo/ToyTools ]===

  Victim : Amigaman from Team *Amiga* 
  Reason : Hej
  Date   : 18-Mar-97 21:52:34

>Mulla on hyvä tarjous sulle! Mullon 2kpl IDE tallentavaa CD-asemaa = 900mk/kpl!



>Jos ostat molemmat niin tekes 1600! Kaikki johdot, ohjeet jne. mukana..



>Kysy jos joku tarvii, sain jo noita 8:n erästä 6 myytä kahdessa viikossa!



>Takuuta ei ole (tietenkään) mutta toimii täydellisesti!!!

jioo

>Noi on Sony-merkkisiä eli laatukamaa, 2x nopeuksisia (sekä kirjoitus että luku)

>okei... se on sitten myyty.. 900mk.. halvalla menee. Yksi vielä jäljellä =)


 ===[ 162 ]=====================================[ ChatFool by Joo/ToyTools ]===

  Victim : Rastaman from L.ove S.ex D.estiny 
  Reason : hEYh?
  Date   : 22-Mar-97 15:07:36

>joo pitäs axut saada vai?

Jeh. Sitapa juuri

>kuka vois suositella sua?



>saat ton ringdowdn  ja telnet-nodejen numerot kunhan tsekkaan sut tarkemmin..

 Mun pitais varmaan vaikka uppia vahan ??? Nekku ja stz&kid ja moni muu voi vaikka suositella ....

>hmm.. oon kyllä kuullu susta jossain..

Jeh. Since '92 vanha scene-dude ... 

>kerros vähän missä kannuissa liikut?

Throne, mos eisley etc. Ma oon just vastaw saanu motun takas online .... En ma oo hirveesti liikkunu taalla ////.. Musaa ma vasailen ....

>oletko ns. elite?

En tiia voix mut laskee niihin ... En ehkapa pakosti ole .... =) 

>mitä _uutta_ sulla on nyt tarjota?

>okeih. venaas annan axut..


 ===[ 163 ]=====================================[ ChatFool by Joo/ToyTools ]===

  Victim : Slayer from Oulu 
  Reason : Warea?
  Date   : 22-Mar-97 18:25:16

>joo pitäs axut saada vai?

Jep..

>oletko ns. elite?

En varsinaisesti, no en oo toki kyllä lamekaan :-)

>saat ton ringdown ja telnet-nodejen numerot kunhan tsekkaan sut tarkemmin..

Jep, no.. Saanko oikat (ware-oikat)?

>kerros vähän missä kannuissa liikut?

Muutamissa Oulun läänin kannuissa (pääasiassa).

>kuka vois suositella sua?

hmm.... ei välttämättä kukaan (täällä oleva).

>mitä _uutta_ sulla on nyt tarjota?

hmm.. ei tällähetkellä paljon mitään (kovo poksahti viime viikonloppuna :-( Elikkä alko raksuttaa :-((((

>hmm.. oon kyllä kuullu susta jossain..

>okeih. venaas annan axut..


 ===[ 164 ]=====================================[ ChatFool by Joo/ToyTools ]===

  Victim : Slayer from Oulu 
  Reason : No... saanko ne oikat?
  Date   : 22-Mar-97 18:30:30

>joo pitäs axut saada vai?

jpe...jep..

>kuka vois suositella sua?

ei kukaan välttämättä (täälläolijoista). 

>saat ton ringdown ja telnet-nodejen numerot kunhan tsekkaan sut tarkemmin..

Äh.. tämä sama chatteri, joka.. äh.. en jaksa.. autochatit suxx...

>mitä _uutta_ sulla on nyt tarjota?



>kerros vähän missä kannuissa liikut?



>hmm.. oon kyllä kuullu susta jossain..



>oletko ns. elite?

>okeih. venaas annan axut..


 ===[ 165 ]=====================================[ ChatFool by Joo/ToyTools ]===

  Victim : Rastaman from L.ove S.ex D.estiny 
  Reason : qbt
  Date   : 22-Mar-97 20:19:50

>joo pitäs axut saada vai?

=) Automaatti?

>oletko ns. elite?



>kerros vähän misseä kannuissa liikut?



>mitä _uutta_ sulla on nyt tarjota?



>kuka vois suositella sua?

>okeih. venaas annan axut..


 ===[ 166 ]=====================================[ ChatFool by Joo/ToyTools ]===

  Victim : pREsENCE from ·*[ Drone & Hap! '97 ]*· 
  Reason : haloooooh
  Date   : 22-Mar-97 22:39:20

>joo pitäs axut saada vai?



>saat ton ringdown ja telnet-nodejen numerot kunhan tsekkaan sut tarkemmin..

tää on tää ohjelma joo

>kuka vois suositella sua?

>okeih. venaas annan axut..


 ===[ 167 ]=====================================[ ChatFool by Joo/ToyTools ]===

  Victim : Alex from -none- 
  Reason : journal entryt...?
  Date   : 24-Mar-97 08:57:40

>Mulla on hyvä tarjous sulle! Mullon 2kpl IDE tallentavaa CD-asemaa = 900mk/kpl!

hmm... vittu ku mulla on rahatilanne aika saatanan huonoku en oo vielä päässy töihi ku pääsi vasta intistä

>Noi on Sony-merkkisiä eli laatukamaa, 2x nopeuksisia (sekä kirjoitus että luku)

onko toi tarjous kaun voimassa....

>Kysy jos joku tarvii, sain jo noita 8:n erästä 6 myytä kahdessa viikossa!

ok...onko sulla muuten niitä journal entryjä...

>Takuuta ei ole (tietenkään) mutta toimii täydellisesti!!!



>Jos oftae molemmat niin tekee 1600! Kaikki johdot, ohjeet jne. mukana..

>okei... se on sitten myyty.. 900mk.. halvalla menee. Yksi vielä jäljellä =)


 ===[ 168 ]=====================================[ ChatFool by Joo/ToyTools ]===

  Victim : Earthquake from Earthquakers 
  Reason : Midejäkö??
  Date   : 28-Mar-97 21:44:18

>Mulla on hyvä tarjous sulle! Mullon 2kpl IDE tallentavaa CD-asemaa = 900mk/kpl!

aha..

>Noi on Sony-merkkisiä eli laatukamaa, 2x nopeuksisia (sekä kirjoitus että luku)

midejäkö sinä requestasit siinä mesussa?messussa?

>Jos ostat molemmat niin tekee 1600! Kaikki johdot, ohjeet jne. mukana..

>okei... se on sitten myyty.. 900mk.. halvalla menee. Yksi vielä jäljellä =)


 ===[ 169 ]=====================================[ ChatFool by Joo/ToyTools ]===

  Victim : Mamba from [-/ MYSTiC \-] 
  Reason : a
  Date   : 28-Mar-97 23:29:24

>terve.. mina olla michaela, asuan joon luona . vaihto oppilaana. ..

>joo tulee. han ei tykka etta olen hanen tiettokonetta nakemii.


 ===[ 170 ]=====================================[ ChatFool by Joo/ToyTools ]===

  Victim : One Eye Jack from »»» n o w h e r e ««« 
  Reason : j
  Date   : 29-Mar-97 10:41:03

>terve.. mina olla michaela, asuan joon luona . vaihto oppilaana. ..

hahaa

>on sinulla asiaa joolle vai juttelenko me ???

annas mulle tuolata cd:ltä se midiplayeri,en viitti ite ottaa ku tää kannu kaatus jo kaks kerta sen takii

>itse kotoisin italiasta.missa suomea sina asut?



>haluako nahda minusta kuvan??? minulla on jpeg kuva minusta.. ?



>mita One Eye Jack oiken tarkotta vai onko se kuin j
o
o
n
 etta se on vaan on nymi ???

>joo tulee. han ei tykka etta olen hanen tiettokonetta nakemii.


 ===[ 171 ]=====================================[ ChatFool by Joo/ToyTools ]===

  Victim : Raven from Ukulele 
  Reason : mikä piru
  Date   : 29-Mar-97 21:52:10

>joo pitäs axut saada vai?

eiku toi smotu ei toimaa..

>mitä _uutta_ sulla on nyt tarjota?

ai uutta??? Mulla olis toi History Line.. se ei oo uus mut pirun hyvä geimi

>kerros vähän missä kannuissa liikut?

enimm'äkseen jujussa ja lost paradisessa.

>saat ton ringdown ja telnet-nodejen numerot kunhan tsekkaan sut talkemmin..

joo okei.. mut tosta smotusta..pitäskö sen toimia sulla?

>hmm.. oon kyllä kuullu susta jossain..

?

>kuka vois suositella sua?

no scab/stalemate

>oletko ns. elite?

>okeih. venaas annan axut..


 ===[ 172 ]=====================================[ ChatFool by Joo/ToyTools ]===

  Victim : pREsENCE from ·*[ Drone & Hap! '97 ]*· 
  Reason :  
  Date   : 30-Mar-97 21:32:02

>joo pitäs axut saada vai?

>okeih. venaas annan axut..


 ===[ 173 ]=====================================[ ChatFool by Joo/ToyTools ]===

  Victim : dUAL from Dualcrew&Shining 
  Reason : hmm
  Date   : 31-Mar-97 15:16:36

>joo pitäs axut saada vai?

heh.. kuulepas, mikä ois mainio email-proggis ?

>mitä _uutta_ sulla on nyt tarjota?

vainiinn

>kuka vois suositella sua?

tule paikalle

>kerros vähän missä kannuissa liikut?



>hymm.. oon kyllä kuullu susta jossain..

>okeih. venaas annan axut..


 ===[ 174 ]=====================================[ ChatFool by Joo/ToyTools ]===

  Victim : Wesq from keskisuomi 
  Reason : ratsia ?!?!
  Date   : 02-Apr-97 20:04:44

>joo pitäs axut saada vai?

??hm... tiedätködatiedätkö onko kytät ratsannu joitain purkkeja ?siis nyt ihan äsken ?

>oletko ns. elite?

no ,,enpä juuri mitenniiin ?

>mitä _uutta_ sulla on nyt tarjota?

eikun kyselin vaan niistä kytistä... kolme warepurkkia ei vastaa...

>kuka vois suositella sua?



>kerros vähän missä kannuissa liikut?

fucking fake !!

>saat ton ringdfwn ja telnet-nodejen numerot kunhan tsekkaan sut tarkemmin..



>hmm..i  oon kyllä kuullu susta jossain..

>okeih. venaas annan axut..


 ===[ 175 ]=====================================[ ChatFool by Joo/ToyTools ]===

  Victim : Bananator from ··( dIVERSE ^ hO! )·· 
  Reason : paikalla?>? 
  Date   : 03-Apr-97 15:20:36

>joo pitäs axut saada vai?

juups

>saat ton ringdown ja telnet-nodejen numerot kunhan tsekkaan sut tarkemmin..

hehe, hienoa. hmm eli siis et kumminkaan nyt aijo antaa oikkia?

>kuka vois suositella sua?

no hmm ? emma tieda. :) mutta voithan sa vaikka katella niin oon melkein jokaisessa sessa 09 kannussa.. hmm jata vaikka jonekkin mulle messua? taijotain? tai samapatuo tulin lahinna kattelee c64 fileita

>hmm.. oon kyllä kuullu susta jossain..

sepas hienoa. soitteletkos tonne mosiin?

>oletko ns. elite?

en. mutta siis olis kumminkin ihan kiva saada oikat. hmm 

>mitä _uutta_ sulla on nyt tarjota?

ehehmm

>kerros vähän missä kannuissa liikut?

>okeih. venaas annan axut..


 ===[ 176 ]=====================================[ ChatFool by Joo/ToyTools ]===

  Victim : Bananator from ··( dIVERSE ^ hO! )·· 
  Reason : siis vittu
  Date   : 03-Apr-97 15:24:02

>joo pitäs axut saada vai?

no eipa mulla muuta uutta oo kun noi mita nyt on tullut siis tg97 tuotteita. hmm 

>hmm.. oon kyllä kuullu susta jossain..



>mitä _uutta_ sulla on nyt tarjota?

siis syssi paikalla?

>saat ttn ringdown ja telnet-nodejen numerot kunhan tsekkaan sut tarkemmin..

 pois

>oletko ns. elite?

jooenpois

>kuka vois suositella sua?

hehe

>kerros vähän missä kannuissa liikut?

>okeih. venaas annan axut..


 ===[ 177 ]=====================================[ ChatFool by Joo/ToyTools ]===

  Victim : pErkele from .*/\oOOo/\oOOo/\oOOo/\*. 
  Reason : hiih..
  Date   : 03-Apr-97 15:46:54

>terve.. mina olla michaela, asuan joon luona . vaihto oppilaana. ..

tämä feikkichatti on kyllä hauskaa,hiih!

>on sinulla asiaa joolle vai juttelenko me ???

 =) =) =) =)puhu vaan..heehe..

>haluako nahda minusta kuvan??? minulla on jpeg kuva minusta.. ?

ahaa,varmaan on ,kun oot joku kälyinen feikkichattihuuhuuhuh :D

>tama suomi oli kylma maa,. Joo sano etta on viela  kylmeampiki

niin.

>en okein osa viela kunolla puhuaa suomei ja kirjotta on viela vaikeaampikin

joo..niin ,mutta aika hyvin osaat leikkiä oikeaa ,vaikka oletkin kone.greetsit joolle =)

>mita pErkele oiken tarkotta vai onko se kuin joon etta se on vaan on nimi ???

seon kirosana =)=) =) =)hiih ,kun on hauskaatämmösen mäkin haluan..

>joo ei ole taalla.. han ostamaan ruokaa minulle.. 

ahaa..mitä koneet oikein syövät?

>itse kotoisin italiasta.missa suomea sina asut?

>joo tulee. han ei tykka etta olen hanen tiettokonetta nakemii.


 ===[ 178 ]=====================================[ ChatFool by Joo/ToyTools ]===

  Victim : Rastaman from L.ove S.ex D.estiny 
  Reason : Deli>
  Date   : 06-Apr-97 21:59:01

>Mulla on hyvä tarjous sulle! Mullon 2kpl IDE tallentavaa CD-asemaa = 900mk/kpl!

Naah ... Ei oo varaa .... =)

>Kysy jos joku tarvii, sain jo noita 8:n erästä 6 myytä kahdessa viikossa!

Humm ... siis mita noilla voi kopata ....? Fileita>?

>Noi on Sony-merkkisiä eli laatukamaa, 2x nopeuksisia (sekä kirjoitus että luku)

Kylla tollasen vois kylla ostaa .... Tarviix mitaan muuta kun sen?

>Jos ostat molemmat niin tekee 1600! Kaikki johdot, ohjeet jne. mukana..

Ma oon vahan ulkona koko koppaus-systeemista .... Meneex noihin musaa kans?

>Takuuta ei ole (tietenkään) mutta toimii täydellisesti!!!

>okei... se on sitten myyty.. 900mk.. halvalla menee. Yksi vielä jäljellä =)


 ===[ 179 ]=====================================[ ChatFool by Joo/ToyTools ]===

  Victim : Jst from Oulunsalo 
  Reason : ..
  Date   : 07-Apr-97 19:05:06

>moe... kiinnostaisko sua 3.8gigan ideasema.. ? täysin kunnossa.. 1150mk..

ei

>osta pois.. .lasken vaikka hinnan 1050mk:hon.  . . 

taas tämä fakechatteri

>kuulin että sä tarttisit kovalevyä..

>okei... se on sitten myyty.. 1100mk.. halvalla menee. jätä messuun osoite!


 ===[ 180 ]=====================================[ ChatFool by Joo/ToyTools ]===

  Victim : Wesq from keskisuomi 
  Reason : pc ??
  Date   : 09-Apr-97 18:52:22

>joo pitäs axut saada vai?

öh--

>kuka vois suositella sua?

ehheh... sama paska...

>kerros vähän missä kannuissa liikut?

joo-o.. onko se syssi siellä vai ei ?

>hmm.. oon kyllä kuullu susta jossain..

nii-in

>mitä _uutda_ sulla on nyt tarjota?



>saat ton ringdown ja telnet-nodejen numerot kunhan tsekkaan sut tarkemmin..



>oletko ns. elite?

>okeih. venaas annan axut..


 ===[ 181 ]=====================================[ ChatFool by Joo/ToyTools ]===

  Victim : Mestaaja from Kymi 
  Reason : juu
  Date   : 13-Apr-97 01:39:06

>joo pitäs axut saada vai?

axut?

>mitä _uutta_ sulla on nyt tarjota?



>oletko ns. elite?



>kuka vois suositella sua?

ei kait kukaan..

>kerros vähän missä kynnuissa liikut?

minuylla on oma purkki, TDC-BBS. Muita purkkeja: Röllis lair, tUP, 

>hmm.. oon kyllä kuullu susta jossain..

nVoipi olla

>saat ton ringdown ja telnet-nodejen numerot kunhan tsekkaan sut tarkemmin..

>okeih. venaas annan axut..


 ===[ 182 ]=====================================[ ChatFool by Joo/ToyTools ]===

  Victim : Mestaaja from Kymi 
  Reason :  
  Date   : 13-Apr-97 01:44:36

>joo pitäs axut saada vai?

nii.

>kuka vois suositella sua?



>saat ton ringdown ja telnet-nodejen numerot kunhan tsekkaan sut tarkemmin..

ömitkä ne axut on?

>mitä _uutta_ sulla on nyt tarjota?



>kerros vähän missä kannuissa liikut?

hetikinen ... 

>hmm.. oon kyllä kuullu susta jossain..

prekele, valechatti>okeih. venaas annan axut..


 ===[ 183 ]=====================================[ ChatFool by Joo/ToyTools ]===

  Victim : citadel from .[hCL REC^F/\T1997!]. 
  Reason : mh
  Date   : 13-Apr-97 14:31:07

>joo pitäs axut saada vai?

ai siis tota joo no ei kait tarvii tota parempia? =)
 .. anywayz oisin kyselly et supplaatsaa jotai psx kamaa?

>kuka vois suositella sua?

siis mihin sa ny meinaat .. tohon psx hommaan vai? =)

>oletko ns. elite?

no siis joo maa treidaan pc:lla

>kerros vähän misxä kannuissa liikut?

ok.. venaas .. entisia ja menneita: International Detoxification, Juve Rehab (joo on viel)
The Exchange Club, Zen Landia, Baudville,the Foundation, World Trade Center,
The Killing Playground, Hangover (mennyjoo), Nordic Winds, Phase One,.. 
jotai tollasta..

>saat ton ringdown ja telnet-nodejen numerot kunhan tsekkaan sut tarkemmin..

oka .. .totanoin, miten se on ton psx homman kans?..

>mitä _uutta_ sulla on nyt tarjota?

siis pc:lle?

>hmm.. oon kyllä kuullu susta jossain..

>okeih. venaas annan axut..


 ===[ 184 ]=====================================[ ChatFool by Joo/ToyTools ]===

  Victim : Twain from ==( substate )========== 
  Reason : dreamnet
  Date   : 14-Apr-97 22:15:55

>Mulla on hyvä tarjous sulle! Mullon 2kpl IDE tallentavaa CD-asemaa = 900mk/kpl!

ohhoh. toi on hyvä, mutta ostan ennemmin psx:n kun pc haisee muutenkin.

>Takuuta ei ole (tietenkään) mutta toimii täydellisesti!!!

no voin mainita joillekin kenellä on rahaa :-), mutta asiaan.
pääseekö dreamnettiin mukaan jos käyttää dd/linuxia?

>Jos ostat molemmat niin tekee 1600! Kaikki johdot, ohjeet jne. mukana..

jooooo..

>Noi on Sony-merkkisiä eli laatakamaa, 2x nopeuksisia (sekä kirjoitus että luku)

ja varastettu mistä?-)

>Kysy jos joku tarvii, sain jo noita 8:n erästä 6 myytä kahdessa viikossa!

>okei... se on sitten myyty.. 900mk.. halvalla menee. Yksi vielä jäljellä =)


 ===[ 185 ]=====================================[ ChatFool by Joo/ToyTools ]===

  Victim : Rastaman from L.ove S.ex D.estiny 
  Reason : rawsr
  Date   : 16-Apr-97 00:00:40

>mikä vittu tässä chätissä taas on. . taas meni toinen node lukkoon.. .

hei ... Et viittis heittaa mulle 64-emulaattoria?

>miteennni ei? koskas sitte?..

ttte

>enköhän MÄ tiedä tosta paremmin..

>mä meen nyt mut sendit sen huomenna vittuh.!


 ===[ 186 ]=====================================[ ChatFool by Joo/ToyTools ]===

  Victim : Jogi from GfxCode/MellowChips 
  Reason : apuva asetuksiin...
  Date   : 17-Apr-97 13:15:49

>mikä vittu tässä chätissä taas on. . taas meni toinen node lukkoon.. .

oho.....niin    millas muuttelen no   noita ansi/iso yms asetuksia?

>et oo vieläkään lähettäny sitä vitun peliä?



>siis mitä vittuu? ai mun piti lähettää sulle,.. . VITUT!!

?

>enköhän MÄ tiedä tosta paremmin..



>miteennni ei? koskas sitte?..

>mä meen nyt mut sendit sen huomenna vittuh.!


 ===[ 187 ]=====================================[ ChatFool by Joo/ToyTools ]===

  Victim : Zeus from ((..mST^aBS^lP!..)) 
  Reason : ...typesmith
  Date   : 18-Apr-97 16:28:06

>mikä vittu tässä chätissä taas on. . taas meni toinen node lukkoon.. .

>mä meen nyt mut sendit sen huomenna vittuh.!


 ===[ 188 ]=====================================[ ChatFool by Joo/ToyTools ]===

  Victim : sonic from Disney Land 
  Reason : sdgf
  Date   : 20-Apr-97 00:26:23

>joo pitäs axut saada vai?

joo ,,, 

>kuka vois suositella sua?

... taaasko ...

>kerros vähän missä kannuissa liikut?

mad dogissa .. teflonissa ...

>mitä _uutta_ sulla on nyt tarjota?

pics

>oletko ns. elite?

ennenkaikkea

>hmm.. oon kyllä kuullu susta jossain..

onko replay päällä vai mitä ...

>saat ton ringdown ja telnet-nodejen numerot kunhan tsekkaan sut tarkemmin..

>okeih. venaas annan axut..


 ===[ 189 ]=====================================[ ChatFool by Joo/ToyTools ]===

  Victim : makro2 from Wonderland 
  Reason : oikat!
  Date   : 20-Apr-97 13:46:14

>moe... kiinnostaisko sua 3.8gigan ideasema.. ? täysin kunnossa.. 1150mk..

no kyllähän se kiinostaisionx se keikattu?

>osta pois.. .lasken vaikka hinnan 1050mk:hon.  . . 

no jaa...

>kuulin että sä tarttisit kovalevyä..

s

>osta nyt! :)

no ehkä 1kk:n päästä saisin vasta sen verran rahaa

>joo pakko saada toi myytyä.. . velkoja maksettavanaa jne..

no joono voisin sitten kuukauden päästä ostaa  sen

>quantum fireball merkiltään, ihan kunnossa jne.. 

>okei... se on sitten myyty.. 1100mk.. halvalla menee. jätä messuun osoite!


 ===[ 190 ]=====================================[ ChatFool by Joo/ToyTools ]===

  Victim : makro2 from Wonderland 
  Reason : neekjejejej
  Date   : 20-Apr-97 13:48:56

>moe... kiinnostaisko sua 3.8gigan ideasema.. ? täysin kunnossa.. 1150mk..

ei!

>osta pois.. .lasken vaikka hinnan 1050mk:hon.  . . 

hshshsh

>joo pakko saada toi myytyä.. . velkoja maksettavanaa jne..

säälittävä ohjelma!!

>osta nyt! :)

no en!

>kuulin että sä tarttisit kovalevyä..

mistä?

>quantum fireball merkiltään, ihan kunnossa jne.. 

>okei... se on sitten myyty.. 1100mk.. halvalla menee. jätä messuun osoite!


 ===[ 191 ]=====================================[ ChatFool by Joo/ToyTools ]===

  Victim : TiC from Stardom.pWp 
  Reason : zip?
  Date   : 20-Apr-97 20:37:41

>joo pitäs axut saada vai?

onko tama taas tama typera doori

>kuka vois suositella sua?

>hmm.. oon kyllä kuullu susta jossain..



>mitä _uutta_ sulla on nyt tarjota?



>kerros vähän missä kannuissa liikut?



>s
aat ton ringdown ja telnet-nodejen numerot kunhan tsekkaan sut tarkemmin..



>oletko ns. elite?

>okeih. venaas annan axut..


 ===[ 192 ]=====================================[ ChatFool by Joo/ToyTools ]===

  Victim : makro2 from Wonderland 
  Reason : oikat!
  Date   : 20-Apr-97 21:24:07

>mitä vittua?

niin jos voisit anpaa pc-alueelle oikat!

>.. .kukas sä oot niin ku oikeesti.. soitat makro2n accountilla..?

no olen vaan tämmönen laama!

>jaa? en tiennykään..

>juu nyt pitää lopettaa.. morjens..


 ===[ 193 ]=====================================[ ChatFool by Joo/ToyTools ]===

  Victim : Kalutin from Kuopio 
  Reason : extra time man so slow modem but soon faster he
  Date   : 22-Apr-97 18:39:19

>joo pitäs axut saada vai?

tottakai

>mitä _uutta_ sulla on nyt tarjota?

ma uppan uudella motulla omna kuva gallerian about 300jpgs

>oletko ns. elite?

tottakai

>hmm.. oon kyllä kuullu susta jossain..

tunnetko warlokin

>kuka vois suositella sua?

Pmela Anderson

>kerros vähän missä kannuissa liikut?



>saat ton ringdown ja telnet-nodejen numerot kunhan tsekkaan sut tarkemmin..

>okeih. venaas annan axut..


 ===[ 194 ]=====================================[ ChatFool by Joo/ToyTools ]===

  Victim : Kalutin from Kuopio 
  Reason : exra time gays fool chat this sucks real sys op isnt at home
  Date   : 22-Apr-97 18:43:59

>joo pitäs axut saada vai?

perkele kylla hermot palaa

>kerros vähän missä kannuissa liikut?

Teflon Lovissa meiki pumppaa

>saat ton ringdown ja telnet-nodejen numerot kunhan tsekkaan sut tarkemmin..



>kuka vois suositella sua?



>hmm.. oon kyllä kuullu susta jossain..

>okeih. venaas annan axut..


 ===[ 195 ]=====================================[ ChatFool by Joo/ToyTools ]===

  Victim : Kalutin from Kuopio 
  Reason : aika lisö
  Date   : 23-Apr-97 22:46:42

>jees?



>semmostah.

kylla

>aika outo homma kyllä.. nooh näkee sitten.

ma uppaan timulla

>on muuten aika hieno se!

jaaaþ8þ

>jaa-a.. mitäs mä sille voisin?

annat lisää aikaa etta saan dowlodata pari kuvaaa

>upipas vähän pornoo!

kohta saan 33.6 modem then some more man mulla on 300 kuvan galleria

>oliko sulla jotain asihakin?

kylla

>eikö susta Kalutin oo aika tyhmä handle.. musta sun pitäs vaihtaa se.

eikä perkeleessa ma oon saatanan pervo jatka

>sä oot hullu.

jeeeeeeeeeeeeeees

>ooksää nyt varmastw Kalutin?

jaaaaaaaaaaaaaaaa

>mua ei yksinkertaisesti kiinnosta!

saat pari piraatti cd lainaan jos annat

>jaa? en tiennykään..

haluatsa perkule

>.. .kukas sä oot niin ku oikeesti.. soitat Kalutinn accountilla..?

>uupps! pitää mennä!!


 ===[ 196 ]=====================================[ ChatFool by Joo/ToyTools ]===

  Victim : Kalutin from Kuopio 
  Reason : ssso
  Date   : 23-Apr-97 22:51:39

>jees?

>ohhoh.. nyt joutuu lähtemään  . . moih!


 ===[ 197 ]=====================================[ ChatFool by Joo/ToyTools ]===

  Victim : C.Planet from Independent 
  Reason : onko niistä peleistä mitään tietoo joita piti vaihtaa ? ? ?
  Date   : 24-Apr-97 20:50:38

>joo pitäs axut saada vai?

mitä hittioaaaa... niistä peleistä mä vaan . 

>kerros vähän missä kannuissa liikut?



>mitä _uutta_ sulla on nyt tarjota?

npersettä

>saat ton ringdown ja telnet-nodejen numerot kunhan tsekkaan sut tarkemmin..

aah

>oletko ns. elite?

always

>kukf vois suositella sua?

joulupukki

>hmm.. oon kyllä kuullu susta jossain..

>okeih. venaas annan axut..


 ===[ 198 ]=====================================[ ChatFool by Joo/ToyTools ]===

  Victim : Zodiac from None 
  Reason : who knows....
  Date   : 25-Apr-97 19:53:56

>moe... kiinnostaisko sua 4.3gigan ideasema.. ? täysin kunnossa.. 650mk..



>kuulin että sä tarttisit kovalevyä..

ai min„k”?

>quantum fireball merkiltään, ihan kunnossa jne.. 

no kun on toi entinenkin eik„ toita oikein hyvin saa t„h„n Amigaan kiinni, niin en oikein mielell„„n viel„ ainakaan ostaisi?!

>joo pakko saada toi myytyä.. . velkoja maksettavanaa jne..

onk se sinun kovo?

>osta pois.. .lasken vaikka hinnan 550mk:aan.  . . 



>osta nyt! :) ... löytyy myös quantum bigfoot.. 6.5 gigane.. 1200mk!!..

>okei... se on sitten myyty.. 600mk.. halvalla menee. jätä messuun osoite!


 ===[ 199 ]=====================================[ ChatFool by Joo/ToyTools ]===

  Victim : Carnifex from [ Evidence ] 
  Reason : c64-swap
  Date   : 26-Apr-97 10:41:47

>joo pitäs axut saada vai?

nojoo. voinkai ma jotain stuffia uppiakki =). muttauota. no amigawart on yli 7d jaja. kaippa jotain c64 kamaah loytyy mita taalla ei viela oo..

>kuka vois suositella sua?

nohum. Hydra, Patrician, .. Hst-bullah, Coraze, Daeron, Diezel ajja. kysy joltain..

>saat ton ringdown ja telnet-nodejen numerot kunhan tsekkaan sut tarkemmin..

selva =). voitpa soitta myos Sadistik Exekutioniin, 08-8176606 nup: nahkaparturi. dd-linux ja semmosta =)

>mitä _uutta_ sulla on nyt tarjota?

uutta. kannussa? ibm:aa ja amigaa. no amigaa ei oikee tuu muttajoo, pc:filuja lahiten

>hmm.. oon kyllä kuullu susta jossain..

nohmm. Mazessa tai Digital undergroundissa. tai sitte humanoidissa tai sitte.. :)

>oletko ns. elite?

elitejaelite. hmmm. no mitehan tohon vastaisin. .. treidaan ja koitan hakkeroid unixeja, siihen se elitismi jaa..

>kerros vähän missä kannuissa liikut?

>okeih. venaas annan axut..


 ===[ 200 ]=====================================[ ChatFool by Joo/ToyTools ]===

  Victim : Carnifex from [ Evidence ] 
  Reason : oikat?-)
  Date   : 26-Apr-97 10:47:18

>joo pitäs axut saada vai?

:). taas sama. tuli mieleen, etta sahan oot kerran soittanukki mulle..

>mitä _uutta_ sulla on nyt tarjota?

..... perkele. hmmm.. siis.. joo. vanhat elitefiluutko ei kay? no hpavc - .. c-64 (vanhoja) jajaja. mita nyt tuolla yleensakki o

>hmm.. oon kyllä kuullu susta jossain..

onko taa joku stanan autochatteri?

>kuka vois suositella sua?

elion.

>oletko ns. elite?

jaajaa. taa oliki doori.. hahaa. menin lankaan. tuo .. virheet ja niitten korjaus on elitea. oon joskus itekki tehny tammosen.

>saat ton ringdown ja telnet-nodejen numerot kunhan tsekkaan sut tarkemmin..

ei sulla oo rd:ta mutta telnetit on :)

>kerros vähän missä kannuissa liikut?

>okeih. venaas annan axut..


 ===[ 201 ]=====================================[ ChatFool by Joo/ToyTools ]===

  Victim : Hacker from None 
  Reason : hello
  Date   : 26-Apr-97 21:00:00

>joo pitäs axut saada vai?

axut?

>hmm.. oon kyllä kuullu susta jossain..

äläs nyt kuule ala kusettaa :)

>kuka vois suositella sua?

siis suositella mua, ei kai tässä nyt ole mitään perverssiä?

>mitä _uutta_ sulla on nyt tarjota?

jaa jaa....en mä tiedä, ekaa kertaa tässä vasta soitan tänne

>saat ton ringdown ja telnet-nodejen numerot kunhan tsekkaan sut tarkemmin..

siis onko tää jokin pirapurkki?

>kerros vähän missä kannuissa liikut?

deffissä ja Mbnetissä

>oletko ns. elite?

>okeih. venaas annan axut..


 ===[ 202 ]=====================================[ ChatFool by Joo/ToyTools ]===

  Victim : Hacker from None 
  Reason : niin että
  Date   : 26-Apr-97 21:06:01

>joo pitäs axut saada vai?

heh heh, taas vedit saman kysymyksen

>mitä _uutta_ sulla on nyt tarjota?

siis onko nää jotain inside kysymyksiä?

>saat ton ringdown ja telnet-nodejen numerot kunhan tsekkaan sut tarkemmin..

kuinka sä tsekkaat mut?

>hmm.. oon kyllä kuullu susta jossain..

mutta kuinka tsekkaat?

>kuka vois suositella sua?

tunnetko ketään täältä päin?

>oletko ns. elite?

olen

>kerros vähän missä kannuissa liikut?

>okeih. venaas annan axut..


 ===[ 203 ]=====================================[ ChatFool by Joo/ToyTools ]===

  Victim : Kalutin from Kuopio 
  Reason : homo kaverien kannsa juttelu
  Date   : 26-Apr-97 23:34:00

>mikä vittu tässä chätissä taas on. . taas meni toinen node lukkoon.. .

en tiia mutta meikilla ei oo tarpeekisi ratioita eikä sysoppi ikinä ole paikaale perkule

>et oo vieläkään lähettäny sitä vitun peliä?

minne ma tugen sen perkule

>enköhän MÄ tiedä tosta paremmin..

san osaatana

>miteennni ei? koskas sitte?..



>siis mitä vittuu? ai mun piti lähettää sulle,.. . VITUT!!

>mä meen nyt mut sendit sen huomenna vittuh.!


 ===[ 204 ]=====================================[ ChatFool by Joo/ToyTools ]===

  Victim : Kalutin from Kuopio 
  Reason : hmoilu
  Date   : 26-Apr-97 23:36:09

>mikä vittu tässä chätissä taas on. . taas meni toinen node lukkoon.. .

heeeeeeeeeeeeee

>enköhän MÄ tiedä tosta paremmin..

jqaaaaaaaaaaaaaaaaaaaaaa

>miteennni ei? koskas sitte?..



>et oo vieläkään läheteteäeneye eseieteäe eveieteuene peliä?

so

>siis mitä vittuu? ai mun piti lähettää sulle,.. . VITUT!!

>mä meen nyt mut sendit sen huomenna vittuh.!


 ===[ 206 ]=====================================[ ChatFool by Joo/ToyTools ]===

  Victim : Avatar from Jeep Team 
  Reason : Nec 3D + oikat
  Date   : 29-Apr-97 20:33:48

>joo pitäs axut saada vai? täällä on myös pc-warea, tiesitkö? =)

Hyi... pc ware:) Amy kiinostaa.. muuten onko Nec viella olemassa?

>red alerttiin tuli just tossa yks uus datalevy..

Hmm... ... siis monitori.. nain cloud killissa ilmoituksen nec 3d monitorista... ja tan numeron ...

>kuka vois suositella sua?



>kiinnostaisko unrealin beta versio tai quake 2:n beta? =)

Jaa suositusta oikiin... Mad jack??? Varmaan tuttu?

>hmm.. oon kyllä kuullu susta jossain..

Viimeksi oli "keskustelu" shapeshifterista... halusit sita...

>mitä _uutta_ sulla on nyt tarjota?

Eipa juuri mitaa... en ole imennyt... duuni vie kaiken ajan mutta

>saat ton ringdown ja telnet-nodejen numerot kunhan tsekkaan sut tarkemmin..



>... mdk rulee trainerilla!



>oletko ns. elite?

En enaan... olin joskus mutta lopetin ne... nytten olen vain "omaksi" iloksi valilla...

>kerros vähän missä kannuissa liikut?

>okeih. venaas annan axut..


 ===[ 207 ]=====================================[ ChatFool by Joo/ToyTools ]===

  Victim : tHrEAz from hEAD! asc² posse 
  Reason : modlist
  Date   : 29-Apr-97 22:07:00

>moroh... mitäs uutta?

hmmm.. uutta.. siitä tiedä en, mutta jos viitsisit ruuvata niin paljon axxea että sais modlistin ;)

>otin sen poia päältä, usko pois =)

prkl... kun tossa luin noi viestit, niin siinä sitä kehoitettiin käyttään ;)

>mutta mutta, sulla oli jotain asiaaki?

ei oikeestaan.. ajattelin vaan ,että olisin vinkunut noi modlist axx.. :)

>eh,.. tämä EI oo autochatteri vaikka niin ehkä luulet :)

juu.. :)

>mistäs niin päättelit? =)

>tjooh.. näinhä se o.


 ===[ 208 ]=====================================[ ChatFool by Joo/ToyTools ]===

  Victim : One Eye Jack from »»» n o w h e r e ««« 
  Reason : hmm'
  Date   : 30-Apr-97 19:04:06

>itse sysoppi ei ole kotona juuri nyt, lähti käymään alkossa =)

>okei, nyt tuli sysoppi itse.. 


 ===[ 209 ]=====================================[ ChatFool by Joo/ToyTools ]===

  Victim : kah! from       .zedämmäss. 
  Reason : ok
  Date   : 02-May-97 05:41:26

>örggh..

hou.. saanko vähän aksess?

>eikö susta kah! oo aika tyhmä handle.. musta srn pitäs vaihtaa se.

no öhhhhh.. pitää miettiä aika pitkään ollu toi frame.. muttakun siellä ruotsin puolella on toinen samanlainen eikä.. niin

>jaa-a.. mitäs mä sille voisin?

en osaa sanoa ?)=

>jaa? en tiennykään..



>aika outo homma kyllä.. nooh näkee sitten.

ojooo

>on muuten aika hieno se!

niin on kieltämätt

>semmostah.

niin

>ooksää nyt varmasti kah!?

no ainakin tällä kertaa.. pitää miettiä tässä yön yli vielä

>upipas vähän pornoo!

ähh ei taida löytyä yhtään

>cliko sulla jotain asiaakin?



>sä oot hullu.

niinkin on sanottu.. mutta olisiko mitään jos säätäisit sieltä mulle accessia että jooo..

>mua ei yksinkertaisesti kiinnosta!



>.. .kukas sä oot niin ku oikeesti.. soitat kah!n accountilla..?

>örgh.. meen nyt .. moe..


 ===[ 210 ]=====================================[ ChatFool by Joo/ToyTools ]===

  Victim : TANK/RAMJAM from >>> Quedex <<< 
  Reason : .......
  Date   : 02-May-97 18:20:47

>joo pitäs axut saada vai? täällä on myös pc-warea, tiesitkö? =)

mä haluun vaan pari kuvaaa tuolta cd:ltä ja katon myös demoja.. muuten tein äsken kaverin kanssa (f.U.S.E) vitun OLDSKOOL asciin mihin voin uppii sen privana, kerro mitä mieltä oot siitä =)

>mitä _uutta_ sulla on nyt tarjota?

ai miten niinku?

>red alerttiin tuli just tossa yks uus datalevy..



>oletko ns. elite?

>okeih. venaas annan axut..


 ===[ 211 ]=====================================[ ChatFool by Joo/ToyTools ]===

  Victim : pyksy from Sievi 
  Reason : katkisnaks
  Date   : 09-May-97 23:40:59

>moe... kiinnostaisko sua 4.3gigan ideasema.. ? täysin kunnossa.. 650mk..

>okei... se on sitten myyty.. 600mk.. halvalla menee. jätä messuun osoite!


 ===[ 225 ]=====================================[ ChatFool by Joo/ToyTools ]===

  Victim : Cool from Independent 
  Reason : oma daydream bbs:n kans ongelmii
  Date   : 14-May-97 23:11:34

>moroh... mitäs uutta?



>mutta mutta, sulla oli jotain asiaaki?



>eh,.. tämä EI oo autochatteri vaikka niin ehkä luulet :)

jaa ei vai?

>mistäs niin päättelit? =)

näyttää siltä

>otin sen pois päältä, usko pois =)

>tjooh.. näinhä se o.


 ===[ 236 ]=====================================[ ChatFool by Joo/ToyTools ]===

  Victim : Darkman from Abuse'96 
  Reason : ..
  Date   : 15-May-97 22:01:55

>moroh... mitäs uutta?

..

>eh,.. tämä EI oo autochatteri vaikka niin ehkä luulet :)

aij ;).. jooh ei sulla sattus oleen hippoo?

>mutta mutta, sulla oli jotain asiaaki?

>tjooh.. näinhä se o.


 ===[ 239 ]=====================================[ ChatFool by Joo/ToyTools ]===

  Victim : Chronic from <·> zENON <·> 
  Reason : netti jutut.. 
  Date   : 17-May-97 13:27:16

>joo pitäs axut saada vai? täällä on myös pc-warea, tiesitkö? =)

jaa, no kunhan ne netti jutut toimii, oot varmaan laittanu POLL in mulle jo, kun yöllä käväsin pollaamassa.. ?

>red alerttiin tuli just tossa yks uus datalevy..



>kuka vois suositella sua?

siis häh? mitähän sä meinaat ? mä vaan noista ddnetistä ?

>... mdk rulee trainerilla!

joo niin taitaa.. 

>hmm.. oon kyllä kuullu susta jossain..

jaa no se on hyvä.. oikeestaan mun kannu on aika uusi.. 

>kiinnostaisko unreiarlbien beta versio tai quake 2:n beta? =)



>oletko ns. elite?

no mulla kannussa on waree ja se kiinnostaa, mutta amiga vaan.. 

>mitä _uutta_ sulla on nyt tarjota?

siis mähän tossa upin vasta.. mutta noi kaikki mitä täällä on on mun pokessa .. melkein.. 

>kerros vähän missä kannuissa liikut?

no en kerkiä hirveesti soitelemaan, mutta graveyardissa (missä nyt messua vaan ) ja gradeniin oon loikannu lähiaikoina, Rain Forest, brahman (email) ja sitte pitäs noi 05-alueen poket käydä läpi, eli tolle Presencelle cellariin.. 

>saat ton ringdown ja telnet-nodejen numerot kunhan tsekkaan sut tarkemmin..

>okeih. venaas annan axut..


 ===[ 240 ]=====================================[ ChatFool by Joo/ToyTools ]===

  Victim : wREC from JUJU 
  Reason : dreamtoss.cfg
  Date   : 17-May-97 14:17:32

>joo pitäs axut saada vai? täällä on myös pc-warea, tiesitkö? =)

>okeih. venaas annan axut..


 ===[ 243 ]=====================================[ ChatFool by Joo/ToyTools ]===

  Victim : Tapio from Leppavirta 
  Reason : i
  Date   : 19-May-97 18:35:23

>moeh..

yyturtyuttewqquit

>aika outo homma kyllä.. noo+h+ näkge sitten.

>meen nyt.. 


 ===[ 245 ]=====================================[ ChatFool by Joo/ToyTools ]===

  Victim : Jerry from > luikuri-x-tattinen < 
  Reason : niinpa
  Date   : 20-May-97 17:09:07

>itse sysoppi ei ole kotona juuri nyt, lähti käymään alkossa =)

kuul. mutta perkule niitä axuja... ku mikään ei toimi

>en oikein hallitte tätä softaa mutta yritän koko ajan.

kuul ja silleen... kukas sinä sitten olet.

>noin.. nyt pitäis SHELL käskyllä toimia shelli.. älä formatoi mitään ;)

ohho... ja sitten mun itte pitäis laittaa axut... heheh

>uuh, enpäs tiedä osaanko.. 

no jos jätettäs väliin niin ei tuhottais mitään =)

>miten voin auttaa?

kuka skitso

>kokeilen userediä.. tai odotas, annan sulle oikat shelliin.

>okei, nyt tuli sysoppi itse.. 


 ===[ 246 ]=====================================[ ChatFool by Joo/ToyTools ]===

  Victim : Jerry from > luikuri-x-tattinen < 
  Reason : huijari
  Date   : 20-May-97 17:14:18

>itse sysoppi ei ole kotona juuri nyt, lähti käymään alkossa =)

täytyy myöntää, joo, että tää chatfool on pirun hyvä

>kokeilen userediä.. tai odotas, annan sulle oikat shelliin.

toimii eka kerrallla oikein mainiosti. hitto meikku meni ihan huijatuksi>okei, nyt tuli sysoppi itse.. 


 ===[ 252 ]=====================================[ ChatFool by Joo/ToyTools ]===

  Victim : Avatar from Jeep Team 
  Reason : CD-Rom levyn vaihto...
  Date   : 22-May-97 22:59:29

>joo pitäs axut saada vai? täällä on myös pc-warea, tiesitkö? =)

EEIIIIIIIIIIIIIII taas...

>saat ton ringdown ja telnet-nodejen numerot kunhan tsekkaan sut tarkemmin..



>kerros vähän missä kannuissa liikut?

... 8-) perkule

>red alerttiin tuli just tossa yks uus datalevy..



>kiinnostaisko unrealin beta versio tai quake 2:n beta? =)



>..u.u  m:d)k
 rulee trainerilla!



>kuka vois suositella sua?

mina!!! mina!!!

>oletko ns. elite?

>okeih. venaas annan axut..


 ===[ 255 ]=====================================[ ChatFool by Joo/ToyTools ]===

  Victim : fISHERKiNG from \msv^crd^ilt^pst^rs!\ 
  Reason : :)
  Date   : 23-May-97 03:22:46

>terve.. mina olla michaela, asuan joon luona . vaihto oppilaana. ..

>joo tulee. han ei tykka etta olen hanen tiettokonetta nakemii.


 ===[ 258 ]=====================================[ ChatFool by Joo/ToyTools ]===

  Victim : SCAB from PARANOiD 
  Reason : ..
  Date   : 23-May-97 17:14:33

>terve.. mina olla michaela, asuan joon luona . vaihto oppilaana. ..

>joo tulee. han ei tykka etta olen hanen tiettokonetta nakemii.


 ===[ 259 ]=====================================[ ChatFool by Joo/ToyTools ]===

  Victim : fISHERKiNG from \msv^crd^ilt^pst^rs!\ 
  Reason : :)
  Date   : 25-May-97 04:28:08

>joo pitäs axut saada vai?



>hmm.. oon kyllä kuullu susta jossain..

>okeih. venaas annan axut..


 ===[ 260 ]=====================================[ ChatFool by Joo/ToyTools ]===

  Victim : fISHERKiNG from \msv^crd^ilt^pst^rs!\ 
  Reason : chatfool :)
  Date   : 25-May-97 16:30:27

>mikä vittu tässä chätissä taas on. . taas meni toinen node lukkoon.. .

hmmmmm

>enköhän MÄ tiedä tosta paremmin..

>mä meen nyt mut sendit sen huomenna vittuh.!


 ===[ 261 ]=====================================[ ChatFool by Joo/ToyTools ]===

  Victim : C.Planet from Independent 
  Reason : ne romput jota halusit
  Date   : 25-May-97 19:58:57

>mikä vittu tässä chätissä taas on. . taas meni toinen node lukkoon.. .

jaa jaa.. no haluutko ne Star warssin rebel assault II:sen ja ..

>enköhän MÄ tiedä tosta paremmin..



>et oo vieläkään lähettäny sitä vitun peliä?

- ei auota - siis - tap/image lähetti mulle sen ohjelman viime perjantainan jolla voi kopsia noita sonyn pelejä.. gearilla ei osattu.. vaikka porukka väittää etää sillä voi kopsia-- 

>siis mitä vittuu? ai mun piti lähettää sulle,.. . VITUT!!



>miteennni ei? koskas sitte?..

>mä meen nyt mut sendit sen huomenna vittuh.!


 ===[ 262 ]=====================================[ ChatFool by Joo/ToyTools ]===

  Victim : Mr.Wishbone from [· OUTLAWS IS IT ·] 
  Reason : fjalar I need you!
  Date   : 26-May-97 12:52:18

>mikä vittu tässä chätissä taas on. . taas meni toinen node lukkoon.. .



>msteennni ei? koskas sitte?..

Er.. is this that fake chat again...

>et oo vieläkään lähettäny sitä vitun peliä?

>mä meen nyt mut sendit sen huomenna vittuh.!


 ===[ 263 ]=====================================[ ChatFool by Joo/ToyTools ]===

  Victim : Coraze from  +x+ LTC +x+ 
  Reason : oo
  Date   : 29-May-97 19:42:21

>mikä vittu tässä chätissä taas on. . taas meni toinen node lukkoon.. .



>miteennni ei? koskas sitte?..



>et oo vieläkään lähettäny sitä vitun peliä?



>siis mitä vitnuu? ai mun piti lähettää sulle,.. . VITUT!!



>enköhän MÄ tiedä tosta paremmin..

>mä meen nyt mut sendit sen huomenna vittuh.!


 ===[ 264 ]=====================================[ ChatFool by Joo/ToyTools ]===

  Victim : Loop from ..Abuse!.. 
  Reason : pilli
  Date   : 30-Apr-97 17:18:06

>mikä vittu tässä chätissä taas on. . taas meni toinen node lukkoon.. .

oho. napa jääätikkö sulaa!

>enköhän MÄ tiedä tosta paremmin..

no kai sä sitten tiiät!

>miteennni ei? koskas sitte?..

moi

>et oo vieläkään lähettäny sisä vitun peliä?

>mä meen nyt mut sendit sen huomenna vittuh.!


 ===[ 265 ]=====================================[ ChatFool by Joo/ToyTools ]===

  Victim : kami/kami from Kuopio/sföuig 
  Reason : cd with pics
  Date   : 31-May-97 14:48:15

>mikä vittu tässä chätissä taas on. . taas meni toinen node lukkoon.. .

miten voi ostaa cd:n jossa on niitä kuvia niin perkeleesti?

>enköhän MÄ tiedä tosta paremmin..

niin?

>et oo vieläkään lähettäny sitä vitun peliä?

mitä peliä?

>miteennni ei? koskas sitte?..

hä?

>siis mitä vittuu? ai mun piti lähettää sulle,.. . VITUT!!

>mä meen nyt mut sendit sen huomenna vittuh.!


 ===[ 266 ]=====================================[ ChatFool by Joo/ToyTools ]===

  Victim : Rölli from Intependent 
  Reason : kdofksd
  Date   : 31-May-97 20:19:54

>mikä vittu tässä chätissä taas on. . taas meni toinen node lukkoon.. .

hyvä homma.

>et oo vieläkään lähettäny sitä vitun peliä?

en niin vitun munapää

>miteennni ei? koskas sitte?..

paljon kuuluu sulle!

>siis mitä vittuu? ai mun piti lähettää sulle,.. . VITUT!!

aijaa.

>enköhän MÄ tiedä tosta paremmin..

>mä meen nyt mut sendit sen huomenna vittuh.!

 ===[ 237 ]================================[ Chatfool v1.0 by Joo/Toytools ]===

  Victim      : Samson from none
  Page Reason : -
  Date & Time : 16-May-97 18:14:06
  Personality : New User

CF> jep.. hmm samson.... axut pitäs saada vai?

joo olis tosi mukava
CF> kerros vähän itsestäsi..

no en oikein tiedä mistä alkaisin mutta kuten varmaan jo huomasit olen aloittel
eva käyttäjä sai eilen modeeemin
CF> jepjep.. missä kannmissa olet sisällä..?

en oikein vielä missään kun oon vasta alkanu soitteleen
CF> aha..sbnos jotain uusimpia filejä mitä sulta löytyy.

öö minkä tyylisiä kuvia? musaa? vai muuta
CF> etsitkö nyt sitten amikaa vai pc:tä täältä?

amikaa
CF> oletko elite? =)

en
CF> aamen.. .. joo hmm.. .pystytkö käyttämään telnettiä missään?

en ole oikein varma mutta jos neuvotaan niin varmaan
CF> sitä vain että mullon toi 10mb/s kiinteä kans.. et tainnu tietää? =)

en 
CF> ... samson..  olen kyllä kuullu susta.. ÿen vai muista että missä.. hmm..

jaaa muakin kiinnostas tietää että mistä kun oon tosiaa ihan uus
CF> olikos sullaki oma kannu vai sekjtanko taas??

taidat sekoittaa sai vasta eilen modeeminkin
CF> just tuli toi Unrealin beta2 ulos tänään..täytyy sanoa että on vitun siisti
    .

öö kuulostaa varmaan tyhmältä mutta mikä se on?
CF> joo ja tuli myös ÿ+20 traineri tohon x-wing vs. tie-fighÿteriin

niin pc peleihin ei kiinnosta
CF> oukei.. .. venaas.. annan axuja.


 ===[ 238 ]================================[ Chatfool v1.0 by Joo/Toytools ]===

  Victim      : 161BPM from MWTC
  Page Reason : -
  Date & Time : Today 18:11:41
  Personality : New User

CF> jep.. hmm 161bpm.... axut pitäs saada vai?

no varmaanki
eli paljon pitäs uppii
CF> kerros vähän itsestäsi..

eli olen siis 18v ja ne mitä haluut tietää
CF> jepjep.. missä kannuissa olet sisällä..?

täällä, ama, mbnet
CF> aha..sanos jotain uusimpia filejä mitä sulta löytyy.

venaas
CF> etsitkö nyt sitten amikaa vai pc:tä täältä?

pc
?
CF> oletko elite? =)

oletko itse :)
CF> aamen.. .. joo hmm.. .pystytkö käyttämlän telnettiä missään?

koululla jos hyvi käy
CF> sitä vain että mullon toi 10mb/s kiinteä kans.. et tainnu tietää? =)

heh ei kai ees maksa paljo kuussa
CF> ... 1a1bpm..  olen kyllä kuullu sosta.. ÿen vai muista että missä.. hmm..

ehrmm.. mwtc?
CF> olikos sullaki oma kannu vai sekotanko taas??

ei oo
CF> just tuli toi Unrealin beta2 ulos tänään..täytyy sanoa että on vitun siisti
    .

mä vähän kattelin et se ois ollu aprillipila pelilehessä
CF> joo ja tuli myös ÿ+20 traineri tohon x-wing vs. tie-fighÿteriin

kuulosti vähän liian hyvältä ollakseen totta kuten myös aikoinansa se yks bitin
 pila
CF> oukei.. .. venaas.. annan axuja.


 ===[ 241 ]================================[ Chatfool v1.0 by Joo/Toytools ]===

  Victim      : hannu from iisalmi
  Page Reason : -
  Date & Time : 18-May-97 17:49:38
  Personality : New User

CF> jep.. hmm hannu.... axut pitäs saada vai?

joo
CF> kerros vähän itsestäsi..

no hmm. opiskelen kopiksessa
CF> jepjep.. missä kannuissa olet sisällä..?


CF> aha..sanos jotain uusimpia filejä mitä sulta löytyy.

no mp3:sia joitain ja...
CF> etsitkö nyt sitten amikaa vai pc:tä täältä?

no pc
CF> oletko elite? =)

no en tiiä
CF> aamen.. .. joo hmm.. .pystytkö käyttämään telnettiä missään?

no snowfallissahan pystyy
CF> sitä vain että mullon toi 10mb/s kiinteä kans.. et tainnu tietää? =)

no en
CF> ... hannu..  olen kyllä kuullu susta.. ÿen vai muista että missä.. hmm..

mitä sinä musta oot kuullu
CF> olikos sullaki oma kannu vai sekotanko taas??

no eipä oo ainakaan vielä
CF> just tuli toi Unrealin beta2 ulos tänään..täytyy sanoa että on vitun siisti
    .

aha
CF> joo ja tuli myös ÿ+20 traineri tohon x-wing vs. tie-fighÿteriin

aha
joo
CF> oukei.. .. venaas.. annan axuja.


 ===[ 242 ]================================[ Chatfool v1.0 by Joo/Toytools ]===

  Victim      : buttman from independent
  Page Reason : -
  Date & Time : Today 13:56:43
  Personality : New User

CF> jep.. hmm buttman.... axut pitäs saada vai?

nojoo, mikä ettei =)

CF> kerros vähän itsestäsi..

no tota noin... mitäs nyt kertois, ei mitään ihmeellistä... tampereella asu
CF> jepjep.. missä kannuissa olet sisällä..?

no olin ennen jossin toronadossa ja noissa mutta si armeijan jälkeen en oo pahe
mmin ollu aktiivinen... mitä nyt oon jonnekkin yrittäny soitella mutta vanhat p
aikat on monet nykyään offline

CF> aha..sanos jotain uusimpia filejä mitä sulta löytyy.


no tossa on toi uusin xfiles...issue 16, joku moduleprodu ... sit joku drinkkio
hjelma ... tais olla jotain daydreamtoolejakin

CF> etsitkö nyt sitten amikaa vai pc:tä täältä?

amigaa

CF> oletko elite? =)

joo tosi =) en nyt ihan.. kuka niitä kaipaa =)

CF> aamen.. .. joo hmm.. .pystytkö käyttäpään telnettiä missään?


CF> sitä vain että mullon toi 10mb/s kiinteä kans.. et tainnu tietää? =)

en.. sori

CF> ... buttman..  olen kyllä kuullu susta.. ÿen vai muista että missä.. hmm..

    
=) olisko jossain pornofilmissä... =)

CF> olikos sullaki oma kannu vav sekotanko taas??

ei mulla oo.. varmaan sekotat... tarviskohan vaihtaa handlee?

CF> just tuli toi Unrealin beta2 ulos tänään..täytyy sanoa että on vitun siisti
    .


CF> joo ja tuli myös ÿ+20 traineri tohon x-wing vs. tie-fighÿheriin

jaa, pcwaree

CF> oukei.. .. venaas.. annan axuja.


 ===[ 244 ]================================[ Chatfool v1.0 by Joo/Toytools ]===

  Victim      : Jerry from > luikuri-x-tattinen <
  Page Reason : -
  Date & Time : 20-May-97 16:58:34
  Personality : New User

CF> jep.. hmm jerry.... axut pitäs saada vai?

no joo, oishan ne ihan kivat :-)
CF> kerros vähän itsestäsi..

tiedätkö sä ton anonymous connectionin? purkin siis

CF> jepjep.. missä kannuissa olet eisällä..?

no siis jos nimi tom&jerry sanoo jotain niin... mutta onhan noita axuja vaikka 
sun missä mm. patricianin kannussa etc.

CF> aha..sanos jotain uusimpia filejä mitä sulta löytyy.

meikku ei treidaa amigalle, itseasiassa olen erikoistunut noitten modifilejen t
reidaukseen

CF> etsitkö nyt sitten amikaa vai pc:tä täältä?

no lähinnä noita modeja, ku toi ns. npd touhu ei oikein jaksa näissä purkeissa 
nykyisin kiinnostaa. ehkä joskus 5 vuotta sitten kun aloitettiin tompan kanssa 
treidaus niin se oli vielä koolia ja silleen, mutta ei enää oikein jaksa

CF> oletko elite? =)

no sanan varsinaisessa merkityksessa en. aika lowprofile tyyppi eli sanotaan na
in etta kun on useampia vuosia ollut purkkiscenessa mukana niin on oppinut tiet
ynlaiset 
saannot... tai jotain =)

CF> aamen.. .. joo hmm.. .pystytkö käyttämään telnettiä missään?

no pystyin. siis nyt äskettäin alkoi kesäloma joten ei pääse enää koululle.

CF> sitä vain että mullon toi 10mb/s kiinteä kans.. et tainnu tietää? =)

no en tiennyt. mutta valitettavasti en pääse sitä käyttämään.

CF> ... jerry..  olen kyllä kuillu susta.. ÿen vai muista että missä.. hmm..

no pointti voi olla siinä että mä olen ollut tosi 'hiljaa' viimeaikoina, koska 
opiskelen vaasassa ja siellä ei oo sitten modeemia tai puhelinlinjaa ollut, jot
en pahemmin purkkeihin ei ole tullut soiteltua. mutta nyt ku on tää kesäloma ni
in vois taas jonkinlaista aktiivisuutta yrittää...

CF> olikos sullaki oma kannu vai sekotanko iaas??

no ei mulla oo kannuu mutta ton ac:n parissa ois tarkoitus hääriä nyt sitten

CF> just tuli toi Unrealin beta2 ulos tänään..täytyy sanoa että on vitun siisti
    .

no varmaan =) on jäänyt noi pelitouhut vähän niinku toissijaiseksi viimeaikoina
. mitä nyt sillon tällön jonkun pelin netistä otin. mutta eipä kyllä oikein tie
dä nykyään että mitä on uutta ja hyvää.

CF> joo ja tuli myös +20 traineri tohon x-wing vs. tie-fighteriin

no sillä on hyvä mällätä =)

CF> oukei.. .. venaas.. annan axuja.


 ===[ 247 ]================================[ Chatfool v1.0 by Joo/Toytools ]===

  Victim      : kami/kami from Kuopio/sföuig
  Page Reason : -
  Date & Time : 21-May-97 14:17:43
  Personality : New User

CF> jep.. hmm kami/kami.... axut pitäs saada vai?

joo
CF> kerros vähän itsestpsi..

olen phonebootin top kympissä
uppimisessa
ja...
öö..
hei kuule!!
kerro cd:stä jossa on paljon kuvia
kaverini kertoi siitä!!
CF> jepjep.. missä kannuissa olet sisällä..?

hä?
CF> aha..sanos jotain uusimpia filejä mitä sulta löytyy.

ei mulla ole mitään fimejä
pitäistkö olla?
CF> etsitkö nyt sitten amikaa vai pc:tä täälxä?

sori
luulin että sä tarkoitit...
joo
tuota mulla on jonkin verran jpg-kuvia ja mp3:sia
CF> oletko elite? =)

mikäs se on?
CF> aamen.. .. joo hmm.. .pystytkö käyttämään telnettiä missään?


CF> sitä vain että mullon toi 10mb/s kiinteä kans.. et tainnu tietää? =)

en tarvitse telnettiä, koska mun internet on kalliimpi, kuin purkit!!
CF> ... kami/kami..  olen kyllä kuullu susta.. ÿen vai muista että missä.. hmm.
    .

kuka olet?
voin ehkä auttaa
CF> olikos sullaki oma kannu vai sekotanko taas??

mitä tarkoitat kannulla?
en tajuu nyt mistä puhut
CF> just tuli toi Unrealin beta2 ulos tänään..täytyy sanoa että on vitun siisti
    .

jaa
miten se liittyy mihinkään kannuun?
voisitko selittää?
en ole oikein pelissä mukana
CF> joo ja tuli myös +20 traineri tohon r-wing vs. tie-fighteriin


CF> oukei.. .. venaas.. annan axuja.


 ===[ 248 ]================================[ Chatfool v1.0 by Joo/Toytools ]===

  Victim      : kami/kami from Kuopio/sföuig
  Page Reason : -
  Date & Time : Today 14:31:15
  Personality : New User

CF> jep.. hmm kami/kami.... axut pitäs saada vai?


CF> kerros vähän itsestäsi..


















CF> no.. sitä ollaan aika hiljasia, ÿeh?

joo
haista CF> jepjep.. missä kannuissa olet sisällä..?

pa

CF> oukei.. .. venaas.. annan axuja.


 ===[ 249 ]================================[ Chatfool v1.0 by Joo/Toytools ]===

  Victim      : 007 from Finland
  Page Reason : -
  Date & Time : 21-May-97 15:24:54
  Personality : New User

CF> jep.. hmm 007.... axut pitäs saada vai?



CF> oukei.. .. venaas.. annan axuja.


 ===[ 250 ]================================[ Chatfool v1.0 by Joo/Toytools ]===

  Victim      : 007 from Finland
  Page Reason : -
  Date & Time : Today 15:29:29
  Personality : New User

CF> jep.. hmm 007.... axut pitäs saada vai?


CF> kerros vähän itsestäsi..

mitä pitäis kertoo
CF> jepjep.. missä kannuissa olet sisällä..?


CF> aha..sanos jotain uusimpia filejä mitä sulta löytyy.


CF> noh fuk.. .. et sä ainakaan paljoo puhu mies.. ;)


CF> etsitkö nyt sitten amikaa vai pc:tä täältä?

pc
CF> no.. sitä ollaan aika hiljasia, ÿeh?


CF> oletko elite? =)


CF> aamen.. .. joo hmm.. .pystytkö käyttämään telnettiä missään?


CF> sitä vain että mullon toi 10mb/s kiinteä kans.. et tainnu tietää? =)



CF> oukei..k.. venaas.. annan axuja.


 ===[ 251 ]================================[ Chatfool v1.0 by Joo/Toytools ]===

  Victim      : a from l
  Page Reason : -
  Date & Time : 22-May-97 18:44:48
  Personality : New User

CF> jep.. hmm a.... axut pitäs saada vai?


CF> kerros vähän itsestäsi..

y
CF> noh fuk.. .. et sä ainakaan paljoo puhu mies.. ;)


CF> jepjep.. missä kannuissa olet sisällä..?


CF> no.. sitä ollaan aika hiljasia, ÿeh?

T

CF> oukei.. .. venaas.. annfn axuja.


 ===[ 253 ]================================[ Chatfool v1.0 by Joo/Toytools ]===

  Victim      : Test2 from .
  Page Reason : -
  Date & Time : Today 01:39:05
  Personality : New User

CF> jep.. hmm test2.... axut pitäs saada vai?




CF> oukei.. .. venaas.. annan axuja.


 ===[ 254 ]================================[ Chatfool v1.0 by Joo/Toytools ]===

  Victim      : fISHERKiNG from \msv^crd^ilt^pst^rs!\
  Page Reason : -
  Date & Time : Today 03:20:38
  Personality : New User

CF> jep.. hmm fisherking.... axut pitäs saada vai?

jajaja..........this door rulez ! :)

CF> oukei.. .. venaas.. annan axuja.


 ===[ 256 ]================================[ Chatfool v1.0 by Joo/Toytools ]===

  Victim      : fISHERKiNG from \msv^crd^ilt^pst^rs!\
  Page Reason : -
  Date & Time : Today 03:54:58
  Personality : New User

CF> jep.. hmm fisherking.... axut pitäs saada vai?



CF> oukei.. .. venaas.. annan axuja.


 ===[ 257 ]================================[ Chatfool v1.0 by Joo/Toytools ]===

  Victim      : fISHERKiNG from \msv^crd^ilt^pst^rs!\
  Page Reason : -
  Date & Time : 23-May-97 08:08:16
  Personality : New User

CF> jep.. hmm fisherking.... axut pitäs saada vai?



CF> oukei.. .. venaas.. annan axuja.


 ===[ 275 ]================================[ Chatfool v1.0 by Joo/Toytools ]===

  Victim      : kami/kami from Kuopio/sföuig
  Page Reason : o
  Date & Time : 04-Jun-97 22:09:32
  Personality : Kovalevymyyjä

CF> moe... mitäs?


f
g
g
h

j
k
l
l
helou
tuota...
haluaisin tietää miten saan tilattua cd:n jossa on niitä kuvia
CF> btw kiinnostaisko sua 4.3 gigan iqeasema..  on täysin kunnossa.. 650mk!!


CF> joo pakko saada toi myytyä.. .  velkoja maksettavanaa jne.. 

puhutko siis siitä cd:stä jota mainostit siinä luettelossa?
CF> osta pois.. .lasken vaikka hinnan 550mk:aan.  . . 


CF> quantum fireball merkiltään, ihan kunnossa jne.. 

se onkallis
minä kuulin että olisit myymässä jotain cd:tä 69mk
jossa on 5000 kuvaa
CF> osta nyt! :) ... löytyy myös quantum bigfoot.. 6.5 gigane.. 1200mj!!..


CF> kuulin että sä tarttisit kovalevyä :)

en tarvitse 
...vielä
CF> okei... se on sitten myyty.. 600mk.. halvalla mesee. jätä messuun osoite!


 ===[ 276 ]================================[ Chatfool v1.0 by Joo/Toytools ]===

  Victim      : kami/kami from Kuopio/sföuig
  Page Reason : CD
  Date & Time : 04-Jun-97 22:17:46
  Personality : Vittuuntunut

CF> noh mitäs?

onko tää taas joku vitun testi??
CF> eikö susta kami/kami oo aika tyhmä handle.. musta sun pitäs vaihtaa se.


CF> kami/kami dA aNAl dOMiNAtOr olis sulle just sopiva?


CF> jees jees.. vittu puhu äijä!

ok
kerro miten voin tilata sellaisen cd:n täynnä jpg-kuvia?
CF> .. .kukas sä oot niin ku oikeesti.. soitat kami/kamin accountilla..?

olen Kami Launonen kuopiosta
ja soitan omalla accountilla
CF> ooksää nyt varmasti kami/kami?

OON!!!
soita vaikka 2613313 ja kysy
CF> semmostah!

niin, että vastaisitko kysymykseeni?
CF> jaa? en tiennykään..

mitä et tienny?
CF> oliko sulla jotain asiaakin?

NO OLI
en minä muuten sua hätyyttele
oon vaan saanu liian monta kertaa sen chatfoolin vastaani ja vittuuntunu
nyt kun sain sut kiinni niin haluan kysyä:
CF> sä oot hullu.

mitennii?
CF> correctamundo! tuo sen ratkaisi lopullisesti!

FUCK
taas se VITUN HUIAUS
CF> adios.. btw.. juttelit juuri fakechatin kanssa.. hah!


 ===[ 277 ]================================[ Chatfool v1.0 by Joo/Toytools ]===

  Victim      : kami/kami from Kuopio/sföuig
  Page Reason : CD
  Date & Time : 04-Jun-97 22:23:02
  Personality : Kovalevymyyjä

CF> moe... mitäs?

kerro onko tää taas se vitun testi!!!
CF> btw kiinnostaisko sua 4.3 gigan ideasema..  on täysinlkunnossa.. 650mk!!
























xfgipuhjghghg
gh
h
h
g
gf
gf
gf
gf
gf
gf
gf
gf
gf
gf
gf
gf
gf
gf
gf
gfgf
gf
gf
gf
fg
q
q
q
q
iuh














































q
w
e
r
r
ty

u
ui
i
o
p
å

ä
s
d
f
g
h
j
k
l
ö
ä
'
z
x
c
vc
v
b
m
m
,.CF> joo pakko saada toi myytyä.. .  velkoja maksettavanaa jne.. 


CF> osta pois.. .lasken vaikka hinnan 550mk:aan.  . . 


CF> oletpas hiljane.. heh.. tehdäänkö kaupat?

EI
CF> quantum fireball merkiltään, ihan kunnossa jne.. 


CF> osta nyt! :) ... löytyy myös quantum bigfoot.. 6.5 gigane.. 1200mk!!..


CF> kuulin että sä tarttisit kovalevyä :)











mee sinä helevettihin siit
CF> okei... se on sitten myyty.. 600mk.. halvalla menee. jätä messuun osoite!


 ===[ 278 ]================================[ Chatfool v1.0 by Joo/Toytools ]===

  Victim      : kami/kami from Kuopio/sföuig
  Page Reason : CD
  Date & Time : Today 22:25:59
  Personality : Vaihto-Oppilas

CF> terve.. mina olla michaela, asuan täällä.. vaihto oppilaana. ..


CF> en okein osa viela kunolla puhuaa suomei ja kirjotta on viela vaikeaampikin
    

haista vittu
CF> itse italiasta. missa sina asuat?

''





















































CF> onko sinula miten uusi tietkone?? täälä on vain aamiga..

oojjohiljaa
CF> nyt minu pitä mennä!!! heij!


 ===[ 279 ]================================[ Chatfool v1.0 by Joo/Toytools ]===

  Victim      : kami/kami from Kuopio/sföuig
  Page Reason : cd
  Date & Time : Today 22:30:34
  Personality : Vaihto-Oppilas

CF> terve.. mina olla michaela, asuan täällä.. vaihto oppilaana. ..



CF> nyt minu pitä mennä!!! heij!


 ===[ 280 ]================================[ Chatfool v1.0 by Joo/Toytools ]===

  Victim      : Anders from Wunderbaum/CP
  Page Reason : jeesus pelastaa
  Date & Time : 06-Jun-97 22:45:17
  Personality : Kovalevymyyjä

CF> moe... mitäs?

terve. mä treidaan  gigan 0d waree huomenna

CF> btw kiinnostaisko sua 4.3 gigan ideasema..  on täysin kunnossa.. 650mk!!

jooo!!

CF> joo pakko saada toi myytyä.. .  velkoja maksettavanaa jne.. 

joo lähetä mulle postiennakolla

CF> osta pois.. .lasken vaikka hinnan 550mn:aan.  . . 

tsktsk

CF> quantum fireball merkiltään, ihan kunnossa jne.. 


no mitäs muuta?

CF> osta nyt! :) ... löytyy myös quantum bigfoot.. 6.5 gigane.. 1200mk!!..

joo no varmaan

CF> kuulin että sä tarttisit kovalevyä :)


x

CF> okei... se on sitten myyty.. 600mk.. halvalla menee. jätä messuun osoite!


 ===[ 281 ]================================[ Chatfool v1.0 by Joo/Toytools ]===

  Victim      : Mr.Wishbone from [· OUTLAWS IS IT ·]
  Page Reason : - bytes without any nuked files ?
  Date & Time : Today 01:40:28
  Personality : Ihmemies

CF> itse sysoppi ei ole kotona juuri nyt,.. lähti käymään alkossa =)



CF> äh, pageta kohta uusiks kun sysoppi tulee itse.. ok? menen..


 ===[ 282 ]================================[ Chatfool v1.0 by Joo/Toytools ]===

  Victim      : lion from tpd
  Page Reason : HaallooooooOOo.
  Date & Time : Today 19:58
  Personality : Ihmemies

CF> itse sysoppi ei ole kotona juuri nyt,.. lähti käymään alkossa =)

Niiniin.-.. ketä sä siite oot=?! :)

CF> miten voin auttaa?

Anna oikkia..

CF> uuh, enpäs tiedä osaanko.. 

:) no tuota... kato serveristä...

CF> kokeilen userediä.. tai odotas, annan sulle oikat shelliin.


CF> noin.. nyt pitäis SHELL käskyllä toimia shelli.. älä formatoi mitään ;)

:) njuuh... mut mitä mä shellissä :)

CF> en oikein hallitte tätä softaa  . .mutta yritän koko ajan.


hmm.... niin tää on dd... tuota.. kato sieltä valikosta jostain siis sen screen
in..

CF> äh, pageta kohta uusiks kun sysoppi tulee itse.. ok? menen..


 ===[ 283 ]================================[ Chatfool v1.0 by Joo/Toytools ]===

  Victim      : lion from tpd
  Page Reason : hajoo dooreihis..
  Date & Time : 14-Jun-97 20:11:24
  Personality : Kovalevymyyjä

CF> moe... mitäs?

Noo.... onx tää vielä tää kuseva doori?!

CF> btw kiinnostaisko sua 4.3 gigan ideasema..  on täysin kunnossa.. 650mk!!


CF> joo pakko slada toi myytyä.. .  velkoja maksettavanaa jne.. 


CF> oletpas hiljane.. heh.. tehdäänkö kaupat?

Vaikka heti

CF> osta pois.. .lasken vaikka hinnan 550mk:aan.  . . 

Joo joo... mitä pelleilyä perk...

CF> quantum fireball merkiltään, ihan kunnossa jne.. 

Haist... 
CF> osta nyt! :) ... löytyy myös quantum bigfoot.. 6.5 gigane.. 1200mk!!..


:) anna oikat..

CF> kuulin että sä tarttisit kovalevyä :)


en mä muuta tartte ku oikkia ja haluun et se oikee syssi tulis antaa ne perkele
..

CF> okii... se on sitten myyty.. 600mk.. halvalla menee. jätä messuun osoite!


 ===[ 284 ]================================[ Chatfool v1.0 by Joo/Toytools ]===

  Victim      : lion from tpd
  Page Reason : huhhhuijjjjaaaaaAAAAAAAAAAAAaaaa
  Date & Time : 14-Jun-97 20:14:29
  Personality : Vittuuntunut

CF> moeh..

vedä vittu päähäs!

CF> eikö susta lion oo aika tyhmä handle.. musta sun pitäs vaihtaa se.

Niinmunki mielestä pitäis kai vaihtaa tän kannun syssoppia ku laittaa tälläsiä 
pelle juttuja tänne Sniif...

CF> lion dA aNAl dOMiNAtOr olis sulle just sopiva?


muuten aika asia.... 















CF> .. .kukas sä oot niin ku oikeesti.. soitat lionn accountilla..?

Hehe... tyhmä doori... ei mulla oo ees accounttia vielä.. :-)

CF> ooksää nyt varmasti lion?


CF> semmostah!

jooo päästäääÄÄÄÄÄÄÄÄÄÄÄÄÄÄÄÄÄÄÄÄÄÄÄÄÄ

ööööööööööööööööööööööööööööööööööööööööööööööööööööööööööööööööööööööööööööööö
ööööööööööööööööööööööööööööööööööööööööööööööööööööööööööööööööööööööööööööööö
ööööööööööööööööööööööööööööööööööööööööööööööööööööööööööööööööööööööööööööööö
ööööööööööööööööööööööööööööööööööööööööööööööööööööööööööööööööööööööööööööööö
öööö

CF> jaa? en tiennykään..

hyvä...

CF> oliko sulla jotafn asiaakin?


CF> sä oot hullu.

mä... tän doorin tekijä on hullu...

CF> correctamundo! tuo sen ratkaisi lopullisesti!


CF> adios.. btw.. juttelit juuri fakechatin kanssa.. hah!

 ===[ 286 ]================================[ Chatfool v1.0 by Joo/Toytools ]===

  Victim      : Smoke from IisalmenRappioAlkoholisti
  Page Reason : asiaa
  Date & Time : Today 16:09:25
  Personality : Ihmemies

CF> itse sysoppi ei ole kotona juuri nyt,.. lähti käymään alkossa =)

argh..
CF> miten voin auttaa?


CF> uuh, enpäs tiedä osaanko.. 


CF> uuh... vieläkö oot siellä?

niin..
CF> kokeilen userediä.. tai odotas, annan sulle oikat shelliin.



CF> äh, pageta kohta uusiks kun sysoppi tulee itse.. ok? menen..


 ===[ 287 ]================================[ Chatfool v1.0 by Joo/Toytools ]===

  Victim      : TonyS from Leppavirta
  Page Reason : credits
  Date & Time : 16-Jun-97 17:40:03
  Personality : Kovalevymyyjä

CF> moe... mitäs?

no mä tossa uppasiin ton mp3:sen ja se ei antanu file creduja lainkaan?
CF> btw kiinnostaisko sua 4.3 gigan ideasema..  on täysin kunnossa.. 650mk!!



CF> okei... se on sitten myyty.. 600mk.. halvalla menee. jätä messuun osoite!


 ===[ 288 ]================================[ Chatfool v1.0 by Joo/Toytools ]===

  Victim      : dECAY from    ·¢x. zedämmÄss .x¢·
  Page Reason : pom
  Date & Time : 17-Jun-97 02:31:28
  Personality : Ihmemies

CF> itse sysoppi ei ole kotona juuri nyt,.. lähti käymään alkossa =)

jaa?

CF> miten voin auttaa?


CF> uuh, enpäs tiedä osaanko.. 

niin joo .. pöh ja ähh tässä skriptille puhutaan ja joo.. 

CF> kokeilen userediä.. tai odotas, annan sulle oikat shelliin.


niinniin.. se ois kiva.. 

CF> noin.. nyt pitäis SHELL käskyllä toimia shelli.. älä formatoi mitään ;)


joo en .. mitä mää nyt semmosta tekisin?-- heheheh


CF> en oikein hallitte tätä softaa  . .mutta yritän koko ajan.


jooo ei se mitään.. kiitti vielä tosta shellistä 

CF> äh, pageta kohta uusiks kun sysoppi tulee itse.. ok? menen..


 ===[ 289 ]================================[ Chatfool v1.0 by Joo/Toytools ]===

  Victim      : dECAY from    ·¢x. zedämmÄss .x¢·
  Page Reason : k
  Date & Time : Today 02:39:51
  Personality : Ihmemies

CF> itse sysoppi ei ole kotona juuri nvt,.. lähti käymään alkossa =)

kaskummaa

tätä ei kai voi keskeyttäää?

niin mistäs sinä sen tietäisit.. voi vittu keroo sitten

CF> äh, pageta kohta uusiks kun sysoppi tulee itse.. ok? menen..


 ===[ 290 ]================================[ Chatfool v1.0 by Joo/Toytools ]===

  Victim      : clow from kuopio
  Page Reason : onko mitään vieweriä pc:lle windowssiin.
  Date & Time : 17-Jun-97 17:48:27
  Personality : Vaihto-Oppilas

CF> terve.. mina olla michaela, asuan täällä.. vaihto oppilaana. ..

aijaa.. senkusteet. tiätkö onko täällä jotai pictureviewerii windowssiin.

CF> en okein osa viela kunolla puhuaa suomei ja kirjotta on viela vaikeaampikin
    

aha. onkos herra sysop tavattavissa

CF> itse italiasta. missa sina asuat?

kuopiossa.

CF> onko sinula miten uusi tietkone?? täälä on vbin aamiga..

tää on hauska chatteri moi

CF> nyt minu pitä mennä!!! heij!


 ===[ 291 ]================================[ Chatfool v1.0 by Joo/Toytools ]===

  Victim      : TonyS from Leppavirta
  Page Reason : Hoho..
  Date & Time : 19-Jun-97 17:43:22
  Personality : Vaihto-Oppilas

CF> terve.. mina olla mimhaela, asuan täällä.. vafhto oppilaana. ..

Hoho. feikki..  joo

CF> en okein osa viela kunolla puhuaa suomei ja kirjotta on viela vaikeaampikin
    


huhhu.. mina olla taallla.. joo.. moi

q
quit
no ei sit

CF> itse italiasta. missa sina asuat?


CF> onko sinulagmiten uusi tietkone?? täälä on vain aamiga..


/quit
CF> nyt minu pitä mennä!!! heij!


 ===[ 293 ]================================[ Chatfool v1.0 by Joo/Toytools ]===

  Victim      : owl from Haujobb
  Page Reason : nöyrä
  Date & Time : Today 17:11:51
  Personality : Newbie

CF> jep.. hmm owl.... axut pitäs saada vai?

hmm, 
CF> kerros vähän itsestäsi..

ne hmm

olen laiska ensinnäkin

CF> jepjep.. missä kannuissa olet sisällä..?

no täällä joskus

CF> aha..sanos jotain uusimpia filejä mitä sulta löytyy.


bassi

CF> etsitkö nyt sitten amikaa vai pc:tä täältä?

anteeksiantoa

CF> oletko elite? =)

en, vaan lamer maanmyyjä petturi

CF> ... owl..  olen kyllä kuullu susta.. en vai muista että missä.. hmm..


CF> aamen.. .. joo hmm.. .pystytkö käyttämään telnettiä missään?


sipistä joo
CF> olikos sullaki oma kannu vai sekotanko taas??


hmm, nuotio-landia oli

CF> oukei.. .. venaan.. annan axuja.


 ===[ 294 ]================================[ Chatfool v1.0 by Joo/Toytools ]===

  Victim      : sonic from Disney Land
  Page Reason : asa
  Date & Time : Today 13:57:53
  Personality : Ihmemies

CF> itse sysoppi ei ole kotona juuri nyt,.. lähti käymään alkossa =)

jiihaa ... keskellä päivää ...

kukas sitten sinä oot ?

CF> miten voin auttaa?

i would like to have some credits ...

CF> uuh, enpäs tiedä osaanko.. 

niin ... minä kun en taas osaa neuvoa kun systeemi on daydream ...
CF> kokeilen userediä.. tai odotas, annan sulle oikat shelliin.

ok
CF> noin.. nyt pitäis SHELL käskyllä toimia shelli.. älä formatoi mitään ;)

okkka ..

see you

CF> en oikein hallitte tätä softaa  . .mutta yritän koko ajan.


CF> äh, pageta kohta uusiks kun sysoppi tulee itse.. ok? menen..


 ===[ 295 ]================================[ Chatfool v1.0 by Joo/Toytools ]===

  Victim      : sonic from Disney Land
  Page Reason : sdg
  Date & Time : 01-Jul-97 14:16:42
  Personality : Newbie

CF> jep.. hmm sonic.... axut pitäs saada vai?

jeeps ..

laita hyvät kun viime kerralla kun laitoit niin ne riitti kaksi viikkoo ...

CF> kerros vähän itsestäsi..


hmmm... ollut käyttäjänä jo useamman kuukauden ... aktiivinen ... varsinkin
uppauksessa..

CF> jepjep.. missä kannuissa olet sisäljä..?

haa ... mikäs vittu tietokone hämy tämä on ...
CF> aha..sanos jotain uusimpia filejä mitä sulta löytyy.


CF> etsitkö nyt sitten amikaa vai pc:tä täältä?

luonnollista

q
CF> oletko elite? =)


CF> ... sonic..  olen kyllä kuullu susta.. en vai muista että missä.. hmm..


CF> noh fuk.. .. et sä ainakaan paljoo puhu mies.. ;)


CF> aamen.. .. joo hmm.. .pystytkö käyttämään telnettiä missään?

adad
CF> olikos sullaki oma kannu vai sekotanko taas??


CF> oukei.. .. venaas.. annan axuja.



 ===[ 297 ]================================[ Chatfool v1.0 by Joo/Toytools ]===

  Victim      : Joo from Toyfactory
  Page Reason : -
  Date & Time : Today 20:24:47
  Personality : Vaihto-Oppilas

CF> terve.. mina olla michaela, asuan täällä.. vaihto oppilaana. ..



CF> nyt minu pitä mennä!!! heij!


 ===[ 298 ]================================[ Chatfool v1.0 by Joo/Toytools ]===

  Victim      : Joo from Toyfactory
  Page Reason : -
  Date & Time : 02-Jul-97 20:27:57
  Personality : Kovalevymyyjä

CF> moe... mitäs?



CF> okei... se on sitten myyty.. 600mk.. halvalla menee. jätä messuun osoite!


 ===[ 299 ]================================[ Chatfool v1.0 by Joo/Toytools ]===

  Victim      : zenyokel from abomination
  Page Reason : kuuslankku
  Date & Time : 02-Jul-97 22:36:14
  Personality : Newbie

CF> jep.. hmm zenyokel.... axut pitäs saada vai?


no vaikka...mutta en mä ole zeny kun mä olen tempest :)
muttei se mitään :)
teetkössää lankulla mitään kehittävää?
CF> kerros vähän itsestäsi..

hmm...noh olen organisaattori,muusikko,swapperi,graffari,perustaja abomination-
nimisessä kokoonpanossa :)
CF> jepjep.. missä kannuissa olet sisällä..?

täällä 
CF> aha..sakos jotain uusimpia filejä mitä sulta löytyy.

hmm...ei taida olla...olen siis täällä zenyllä
en kotona joten ei kai täällä mitään ole :)
CF> etsitkö nyt sitten amikaa vai pc:tä täältä?

periaatteessa C64s emukamaa :)
ja vistan abduintroa
CF> oletko elite? =)

hah voinkin ollakin ...häilyvä käsite... :)
CF> ... zenyokel..  olen kyllä kuullu susta.. en vai wuista että missä.. hmm..

    
joopa joo...ehkä ircissä tavannut....
en ole zeny :)
vaan tempest
zeny tekee musaa
CF> aamen.. .. joo hmm.. .pystytkö käyttämään telnettiä missään?

ah
koulussa...en muualla...sama pätee zenyyn
CF> olikos sullaki oma kannu vai sekotanko taas??

sekatat, mutta palataanpas kysymykseeni....teetkö lankulla mitään?
6neballa siis
CF> oukei.. .. venaas.. annan axuja.


 ===[ 300 ]================================[ Chatfool v1.0 by Joo/Toytools ]===

  Victim      : zenyokel from abomination
  Page Reason : asbnabsnabs
  Date & Time : 02-Jul-97 22:41:27
  Personality : Skinhead

CF> saatana!... vittu kaikki somalit pitäs tappaa vittu heti!!!

haha
miksi?
anyway....vastaa jo on kiire
siihen kymysykseen :)
CF> just yks saatana vei mun lompakon saatana.. potkin siltä suolet pellolle.

ihan ikein
oho'
mutta kerro jo
kiire
eliten pitää mennä ;)
paapimaan
CF> ei kai säkin oo joku vitun hinttaripellesivari tai joku kukkaishippihomo?

hmm.... en kai
kerro jomies
CF> onko suomi pysyny suomena!!v
okeimenen josset vastaa
CF> mitä?!? rupeetsä vittuilee mulle? etsä tiedä kuka mä oon???

joo jukka kuoppamäki, who gives a shit.... kerro jo teetkö 6neballa mitään??
CF> vittu nyt mä tiedän kuka sä oot! mä tunnen sut!

aijaa
kuka minä ollla
CF> mä tuun piekseen sut huomenna. saakelin fagmaster!

